,filename,size,parse_time,reify_time,mask_time,serialize_time
0,132794.svg,13259,35.87304799998492,62.77135900018038,492.17607500008853,18.18597800001953
1,200042.svg,45064,87.22947599994768,68.77564299998085,582.2657260000597,52.76517000015701
2,24450.svg,34819,109.60737700020218,62.72470099997918,610.324872000092,58.43767999999727
3,117790.svg,30413,74.96913299996777,136.1863770000582,863.9061169999422,45.380077000118035
4,54959.svg,13203,22.276099000009708,42.23518599997078,480.4567399999087,14.72476200001438
5,140508.svg,29931,74.06541199998173,35.98603099999309,567.3125030000392,44.03698800001621
6,147432.svg,35134,175.72564700003568,142.77749500001846,613.8925590000781,65.90105200007201
7,68354.svg,45438,123.20594900006654,90.77092300003642,643.0779859999802,74.51299500007735
8,189983.svg,16855,33.465814999999566,98.44503099998292,493.57849500006523,21.29020299980766
9,128722.svg,43130,134.62907500002075,684.4000410001172,1062.6406220001172,101.53337600013401
10,162257.svg,41643,46.197154999845225,326.0249540001041,535.3558990000238,31.885351000028095
11,143115.svg,41532,90.82545600017511,153.22655800014218,634.6911359999012,62.8803440001775
12,198873.svg,32773,53.41973299982783,57.210158999851046,534.2403490001288,36.30088299996714
13,3535.svg,27899,118.66101200007506,70.0805900000887,594.4255689998954,54.86979300007988
14,160788.svg,47025,98.01651499992659,127.231687999938,693.8498340000478,67.56489400004284
15,7876.svg,11207,23.705581000058373,51.21659500014175,505.3367519999483,16.29311500005315
16,173602.svg,16970,40.454112000134046,20.0874689999182,503.4023799998977,25.568707000047652
17,186749.svg,38333,72.2661639999842,339.22126799984653,585.629709000159,51.14767500003836
18,180059.svg,11523,18.992897000089215,50.86515299990424,479.9061339999753,12.681554999971922
19,95769.svg,20815,28.626674999941315,90.01476999992519,541.096977000052,18.639130999872577
20,98696.svg,24434,52.80521500003488,109.0397479999865,521.0368999998991,30.273235000095156
21,157533.svg,35955,47.28780799996457,118.92133099991042,525.9848260000126,28.894379000121262
22,169800.svg,26076,48.549413000046115,127.90365299997575,533.2347860000937,32.596348999959446
23,142740.svg,18036,46.463576999940415,22.411733999888384,505.76177300013114,26.269207000041206
24,195148.svg,10557,18.324538999877404,69.05022000000827,472.10037900003954,12.990346000151476
25,42875.svg,29208,63.902288999997836,244.41918499996973,598.9962839998952,41.678016999867395
26,112836.svg,26606,38.6600350000208,94.97231299997111,528.2981009997911,27.37151199994514
27,65389.svg,42748,100.85441700016418,34.856394000144064,607.3574749998443,61.584694999964995
28,64097.svg,32853,59.162314999866794,104.20253100005539,538.854094999806,36.99474000018199
29,107231.svg,43653,119.69439699987561,73.06575999996312,643.304611999838,72.8106999999909
30,95742.svg,30548,64.56017599998631,114.6971890000259,578.4552019999865,34.514259999923524
31,91387.svg,49330,125.96943099993041,295.64739199986434,686.6841329999716,82.9931299999771
32,180567.svg,15532,28.027337000139596,65.44802799999161,486.6864590001114,19.082927999988897
33,79534.svg,31440,71.02925599997434,0.6237050001800526,552.3919820000174,42.101674999912575
34,86431.svg,15748,18.887880000193036,187.70573200004037,485.6895819998499,15.328207999800725
35,45979.svg,43509,57.131431000016164,165.37659300001906,668.7679220001428,41.96741199984899
36,114418.svg,43256,61.92132900014258,191.77973199998632,591.7867299999671,41.516533000049094
37,100781.svg,19647,24.848972999961916,269.82755199992425,509.9912860000586,17.7810860000136
38,49528.svg,39120,114.24910499999896,112.15874000004078,651.2706699998034,71.84452100000271
39,158011.svg,26201,64.59511299999576,1.8194460001268453,574.5523629998388,46.89596999992318
40,128328.svg,34089,74.11424399992939,257.62059899989254,890.7952309998564,41.22342100004062
41,114149.svg,43443,67.34066099988922,254.10944899999777,586.242853000158,45.15941200020279
42,94117.svg,44253,48.64962200008449,475.5823440000313,565.2776219999396,35.354901999880894
43,135030.svg,17611,34.59892900013983,130.43088099993838,507.346084999881,21.92983700001605
44,147431.svg,30968,80.7679699998971,101.94014199987578,592.9771319999873,49.99649799992767
45,37838.svg,10844,20.270463000088057,40.993518000050244,482.0563220000622,12.694730000021082
46,178167.svg,26714,141.99524300011035,142.3422870000195,700.126199999886,88.6202950000552
47,4194.svg,35469,94.36295599994082,387.0592719999877,657.3229749999427,65.5286700000488
48,186621.svg,11797,26.01608099985242,78.54982499998187,489.168411999799,15.670421999857354
49,19023.svg,10653,15.64575599991258,63.086882999868976,473.9476160000322,10.185326000055284
50,96123.svg,19118,93.9162550000674,108.05978300004426,934.854150000092,56.44611000002442
51,8949.svg,49642,123.51952900007745,205.22825100010778,670.4465929999515,75.96252400003323
52,22212.svg,41903,339.9490090000654,57.73865399987699,663.3000279998669,75.37294400003702
53,94316.svg,28405,86.1007610001252,141.3383960000374,642.8847919999043,62.941188999957376
54,114690.svg,20133,48.88093799991111,44.54687800011925,802.0447110000077,29.444023999985802
55,3863.svg,33834,101.90069800000856,214.09481399996366,664.0201039999738,66.97928100015815
56,106645.svg,35372,123.29399400005059,118.45891100006156,681.1998779999158,77.07353499995406
57,127884.svg,22352,21.56206499989821,145.55576700013262,488.0262510000648,14.825973000142767
58,155040.svg,48590,82.00472899989109,549.6600090000356,623.9063119999173,56.26934799988703
59,151715.svg,34044,70.2624629998354,162.2646739999709,548.9484600000196,34.437333999903785
60,154629.svg,25690,57.808215000022756,94.42490299989004,561.6852890000246,40.249908000077994
61,127068.svg,43916,82.27538899996034,156.87701100000595,594.9538930001381,52.45357400008288
62,130831.svg,33120,51.6886230000182,656.5685049999956,575.5138540000644,36.4380109999729
63,71932.svg,48760,68.12512900000911,301.06478200013953,594.4055909999406,49.434109000003446
64,132356.svg,14569,22.838507999949798,68.53228499994657,498.2577250000304,19.29596800005129
65,18649.svg,42326,77.97191700001349,577.4282679999487,616.8278550001105,54.91015799998422
66,105597.svg,32431,55.565323000109856,101.87412699997367,547.8103160000956,35.57368399992811
67,73267.svg,26449,48.936622999917745,87.11300699997082,564.6146639999188,37.64021500001036
68,60425.svg,14122,28.39859499999875,60.14746899995771,505.3242680000949,19.318640999927084
69,92462.svg,13432,33.379614000068614,87.24384299989651,511.3004599998021,23.524709999946936
70,70100.svg,44938,143.8841889998912,215.72510300006797,634.8116829999526,65.71912900017196
71,130753.svg,31821,64.8450529999991,112.76251699996465,590.5032440000468,45.507826999937606
72,114383.svg,14299,17.436547999977847,69.82622100008484,480.28140099995653,11.564843000087421
73,122216.svg,28826,80.31881500005511,124.61030199983725,589.4596490002186,48.584037999944485
74,183003.svg,43705,85.58478999998442,102.70325900000898,593.5373560000698,52.47049600006903
75,99315.svg,26567,36.62689699990551,233.8666179998654,526.7376030001287,25.507832999892344
76,97776.svg,37767,49.52041100000315,90.29250300000058,539.3868579999435,32.789513000125226
77,27777.svg,43406,88.80350999993425,195.99868499994955,955.5928540000878,61.03480999991007
78,15593.svg,35067,57.19611300014549,187.54092099993613,568.7082009999358,40.26568800009045
79,20684.svg,17577,24.767599999904633,69.60772999991605,490.7545779999509,12.57738000003883
80,3999.svg,36684,94.02205399987906,146.45527900006527,639.0904590000446,60.89150000002519
81,156104.svg,44855,100.30541400010407,35.187045999919064,605.8213339999838,59.737957999914215
82,26475.svg,13733,15.961321000077078,86.41532299998289,482.50768200000493,10.418974999993225
83,192769.svg,11726,31.01097400008257,22.39808800004539,499.65362300008564,17.125992000046608
84,91008.svg,25848,47.74759399992945,263.7693159999799,562.985647000005,32.182159000058164
85,188016.svg,41057,95.09685799980616,168.22780000006787,614.5282249999582,60.479152999960206
86,56624.svg,28760,47.49626099987836,118.99891799998841,545.4669349999222,31.924463999985164
87,75545.svg,18789,24.67377299990403,71.06949200010604,503.0359200000021,18.158136000010927
88,63051.svg,33336,91.9881049999276,30.41142500001115,590.0228289999632,56.510011000000304
89,129954.svg,42682,73.93748100002995,95.09446399988519,624.4689510001535,61.08531500012759
90,112067.svg,34164,169.52579400003742,220.2743590000864,736.3345989999743,86.49871999978131
91,34058.svg,45447,165.6434949998129,116.71504800006005,695.4450670000369,82.57336999986364
92,76516.svg,37453,79.6484939999118,130.39130699985435,604.3113410000842,50.561521999952674
93,190142.svg,22607,354.0627709999171,61.03514100004759,538.6088130001099,33.91603299996859
94,5424.svg,41111,115.32648399997925,613.640624999789,729.9045830000068,76.81977800007189
95,35366.svg,15821,30.511955000065427,127.72992600002908,511.8998680000004,19.602745999918625
96,10974.svg,12760,19.31147800019062,78.18182200003321,493.9099890000307,12.918311000021276
97,95600.svg,45615,91.71312800003761,135.39483599993218,597.1569509999881,51.2670089999574
98,61403.svg,30591,67.26269499995396,327.1330099998977,609.3955320000077,48.12151799978892
99,19121.svg,45546,151.50773200002732,206.33291099989037,742.209320000029,92.64892900000632
100,183217.svg,32714,60.50757700018039,198.82855300011215,595.7499619998998,44.793011000137994
101,47645.svg,36457,56.522995000023,161.2506049998501,946.3372489999529,35.137493000092945
102,174305.svg,30225,58.641775000069174,88.1954249998671,597.0416940001542,39.00049599997146
103,90682.svg,34153,61.06019699996068,106.82089100009762,570.0008349999734,39.26225899999736
104,4124.svg,14940,37.271110000119734,160.71206099991286,522.3806999999852,24.099442000078852
105,73442.svg,48887,99.33433600008357,213.56489599997985,646.8275649999669,68.8099169999532
106,189435.svg,16519,35.79045199990105,57.96493999991981,516.1546780000208,24.492792000046393
107,146725.svg,47388,76.59698899988143,103.46194599992486,643.1713819999914,67.65239900005326
108,194563.svg,41961,79.10352699991563,105.77516199987258,640.1540110000496,61.08202799987339
109,99431.svg,48813,68.15373199992791,355.10301799990884,604.6794229998795,46.2798409998868
110,136905.svg,23902,48.2986219999475,102.22361600017393,574.0319740000359,32.60629799979142
111,163690.svg,17523,29.062255000098958,19.663930999968215,494.6887549999701,16.198777999989034
112,12344.svg,15619,34.10142299981089,75.29444599981616,524.2143319999286,22.327164999978777
113,6163.svg,17097,46.340976000010414,65.74168099996314,538.4843079998518,30.854990999841903
114,143232.svg,37050,99.25328300005276,96.56124499997532,617.9990209998323,61.00256900003842
115,127030.svg,38476,118.14798599993992,34.72300300018105,615.5943320000006,59.39199699992059
116,144437.svg,48637,57.910959000082585,356.9399269999849,573.3351930000481,39.62704499986103
117,188058.svg,40381,105.20803400004297,169.9612849999994,619.1407000001163,60.192915000016
118,140021.svg,39942,120.33497299989904,112.22906300008617,644.9015599998802,65.8171540001149
119,172305.svg,15954,23.781644000109736,100.20174800001769,489.9176430001262,12.74294099994222
120,195935.svg,23041,63.001963000033356,113.79905800004053,549.3401859998812,34.68819699992309
121,157789.svg,14389,26.566666999997324,59.68472799986557,509.60546900000736,18.470444999820756
122,136654.svg,36375,92.16200199989544,53.22830199997952,611.0906939998131,56.70404599982248
123,29272.svg,20487,30.022503000054712,141.44165099992279,516.0198650000893,21.21692500008976
124,187810.svg,28479,400.93974399997023,130.01066999981958,570.8257169999342,41.99916199991094
125,121601.svg,40803,74.09693199997491,151.43380300014542,641.5819700000611,57.34996199998932
126,138370.svg,13051,31.12130099998467,89.54773999994359,519.3810729999768,20.231429999967077
127,200166.svg,20446,49.075805000029504,160.25040099998478,535.2211949998491,30.802782000137086
128,188874.svg,30770,76.72586100011358,72.94705599997542,583.2484350000868,45.51416899994365
129,128717.svg,31670,55.80171700012215,93.9488970000184,593.3175330001177,44.23810699995556
130,29292.svg,22709,47.10838000005424,124.71992900009354,542.1917580001718,29.99074300009852
131,89024.svg,25142,38.039056000116034,124.10073299997748,537.2687299998233,27.46025900000859
132,47701.svg,44361,394.20445399991877,314.1042810000272,1045.9768999999142,187.50693700008014
133,21570.svg,48956,120.08217700008572,153.28066999995826,704.7347160000754,82.73059599991939
134,29265.svg,49048,616.8874469999537,206.57682000000932,906.5577369999573,161.08403099997304
135,92567.svg,24532,57.36987999989651,278.31488099991475,574.2534009998508,39.07824199995957
136,7878.svg,37881,96.52018700012377,275.14450100011345,634.6031699999912,60.53396699985569
137,48478.svg,36071,94.07104600018101,54.955694999989646,604.6108440000353,55.88338200004728
138,92384.svg,23188,56.874287000027834,152.62888300003397,562.8535890000421,38.96199399991929
139,11832.svg,14100,41.434718000118664,53.92205900011504,524.3368629999168,26.63531600001079
140,83170.svg,45086,80.90874599997733,46.562843999936376,595.6835279998813,51.30649399984577
141,196064.svg,43845,71.35852600004,669.6742490000815,638.2783399999425,64.88442699992447
142,31327.svg,24690,41.73253899989504,174.05808699982117,522.1175149999908,26.613696000140408
143,161039.svg,17518,47.5639289998071,50.28941999989911,546.6051779999361,28.990350000185572
144,175344.svg,49019,39.872316999890245,69.88502200010771,547.4933599998622,26.00451900002554
145,97133.svg,41247,52.828029000011156,228.25020499999482,590.5228809999699,36.34481600010986
146,33465.svg,37402,54.09971199992469,196.61788000007618,567.8297270001167,39.92881299996043
147,93569.svg,21024,98.89592000013181,154.27892899992912,629.288003000056,61.21466799982045
148,139663.svg,26371,70.3792419999445,22.832426000150008,565.512624999883,41.31897099978232
149,83353.svg,27803,122.9147000001376,60.300917999938974,605.1060570000573,54.3484110000918
150,45575.svg,34634,83.29767399982302,131.38456599995152,624.4191369999044,56.46971500004838
151,95546.svg,40875,51.28026499983207,122.97499400006018,542.9536530000405,30.51076299993838
152,68200.svg,21577,31.59383100000923,56.859648999989076,527.1845649999705,25.393177000069045
153,128051.svg,43208,108.65553400003591,41.75566300000355,652.8739789998781,69.49504800013528
154,96860.svg,42500,77.38154499998018,62.61093700004494,587.8192309999122,49.82268000003387
155,96517.svg,36031,95.78182700010984,79.08214700000826,595.1531579999028,51.29295899996578
156,188676.svg,48017,119.71010699994622,103.08391499984282,657.041505000052,73.80021200015108
157,88595.svg,41414,59.27732100008143,403.6086900000555,596.0645440000008,42.4928899999486
158,109816.svg,22786,27.291741999988517,245.61067900003763,521.0424510000848,20.683270000063203
159,134986.svg,13533,17.0761990000301,88.50195200011512,492.23324199988383,11.973812999940492
160,27680.svg,31735,87.84183900002063,99.17486599988479,908.817800999941,55.465383999944606
161,71864.svg,25573,53.82717999987108,156.42618200013203,550.3715380000358,35.12424800010194
162,135533.svg,40920,107.84654100007174,146.26931999987391,666.8804189998809,63.82404099986161
163,96108.svg,28946,40.98029400006453,84.10004400002435,526.7069060000722,27.592528000013772
164,187219.svg,12711,21.182710999937626,48.72317000013027,510.5936089998977,13.427940000156013
165,143317.svg,23297,69.78868100009095,52.74494200011759,566.0828179998134,40.34769200006849
166,115199.svg,38725,45.035036999934164,160.7824539999001,548.0413109999063,33.12133700001141
167,180697.svg,42465,27.507567999919047,42.084822000106215,505.29609499994876,17.00176899998951
168,40663.svg,29776,47.643527999980506,123.43877700004668,547.7493220000724,33.55203799992523
169,3729.svg,40302,217.81688199985183,79.80832399994142,686.6122679998625,83.09794799993142
170,2640.svg,34446,117.38361699985944,148.86658999989777,952.0969630000309,60.4888509999455
171,34183.svg,16762,36.20861900003547,88.74393699989014,530.2858830000332,21.920339000189415
172,95116.svg,31526,62.65173399992818,110.43058600012046,560.0187810000534,39.54541100006281
173,194048.svg,38569,100.73777800016614,84.49646000008215,659.1465980000066,70.80182799995782
174,81964.svg,33231,85.80873100004283,29.526067999995576,592.0894500000031,53.42583400010881
175,142401.svg,27106,45.747688000119524,49.193095999953584,569.8570239999299,39.67080799998257
176,149008.svg,37925,56.456450000041514,128.90459699997336,602.8094630000851,38.45253400004367
177,49509.svg,15473,19.227279000006092,107.66041099986978,505.1129309999851,13.938401000132217
178,116334.svg,25485,31.290058999957182,395.2485799998158,545.9612160000233,25.907695999876523
179,195036.svg,38516,111.61653900012425,52.46158899990405,633.3524159999797,61.953148999918994
180,70707.svg,47106,85.61471600000914,120.26509199995417,667.470860000094,69.42312199998923
181,192396.svg,36773,416.82497099986904,31.68277899999339,618.7722160000249,58.14621099989381
182,179916.svg,48280,54.55410900003699,210.8817949999775,577.5085689999742,40.36758999995982
183,11288.svg,46216,118.5525079999934,201.99533499999234,703.9399600000706,74.00854500019705
184,139021.svg,27074,23.68710500013549,77.54440200005774,508.3785889999035,14.753475999896182
185,138922.svg,49681,88.4311689999322,343.9858589999858,645.1409999999669,57.73466600021493
186,28139.svg,25838,46.8432010000015,82.2650899999644,556.7436549999911,29.042497999853367
187,24178.svg,18338,54.14401600000929,67.53225200009183,558.1485200000316,33.27509700011433
188,97986.svg,26420,43.26811100008854,182.58274699996946,598.0120009999155,29.971637000016926
189,21898.svg,38666,82.50594299988734,191.12302600001385,617.0893680000518,52.60543999997935
190,175853.svg,10690,29.392787999995562,40.80607500009137,515.6267949998892,16.836237000006804
191,158258.svg,45357,95.15522800006693,122.5368890000027,623.3244459999696,57.22785299985844
192,86247.svg,36201,90.97657999996045,95.43641700020089,644.7404259999985,60.14404300003662
193,29401.svg,10347,27.333178999924712,52.01382600012039,514.9832330000663,16.85193700018317
194,22310.svg,31560,71.39298100014457,131.43778699986797,613.8007459999244,44.11890200003654
195,39453.svg,47314,102.64212300012332,50.71071299994401,706.0836069999823,87.15366299998095
196,128189.svg,44665,78.26106200013783,247.92123899987928,636.0809630000404,52.324630999919464
197,166014.svg,45987,125.01428299992767,327.88526599983925,665.0359360000948,69.3987960000868
198,52148.svg,44478,72.39984700004243,351.57898399984333,620.5931239999245,48.52213200001643
199,197176.svg,44756,13.040801999977703,13.18211800003155,520.817328000021,3.6024319999796717
200,130901.svg,13863,40.37515400000302,12.983904000066104,543.5547239999323,23.427245999982915
201,129032.svg,46021,80.07083799998327,326.289590999977,641.3823530001537,53.19507000012891
202,107638.svg,17955,42.70796600007998,79.12943599990285,567.0153439998558,28.533831000004284
203,45071.svg,11649,23.726800000076764,60.87493799986987,512.1813490000022,16.83517500009657
204,15244.svg,24370,38.183097000001,208.6410959998375,565.4814049999004,27.284899000051155
205,37804.svg,49595,112.53753300002245,283.7016920000224,685.433428999886,71.23795899997276
206,92529.svg,28498,90.01584099996762,264.24882900005287,636.6495129998384,51.974331000110396
207,74991.svg,26193,34.15078600005472,155.8053139999629,543.5876370002006,23.264188999974067
208,134354.svg,44067,97.04853199991703,33.44248199982758,634.0084809999098,59.71895199991195
209,28270.svg,30947,89.23104500013324,87.47295399984978,935.2441850001014,53.40932299986889
210,176992.svg,47217,124.38999799996964,226.46877000011045,707.3995140001443,75.09060200004569
211,40175.svg,37985,83.55360500013376,116.36561000000256,645.1313320001191,60.055615999999645
212,85904.svg,28726,151.97373999990305,46.21029999998427,641.0415620000549,59.10484599985466
213,128527.svg,35533,90.51643399993736,159.66974899993147,655.2821830000539,60.75798799997756
214,189966.svg,26247,62.215902999923856,100.89090600013151,583.9374219999627,40.79693799985762
215,134202.svg,30115,352.3710360000223,47.56108299989137,554.324711000163,33.41027199985547
216,2362.svg,44689,132.46006100007435,120.30288299979475,717.2472940001171,84.61526399992181
217,120056.svg,29354,62.28962299996965,200.28030500020577,600.9311660000094,37.85214399999859
218,50102.svg,10403,13.360644000158572,54.67746999988776,503.1810240000141,7.614245000013398
219,198214.svg,48733,112.42364899999302,549.3540529998882,686.8657439999879,73.25841300007596
220,39445.svg,12739,21.02240800013533,51.899480999964,516.6010499999629,14.029313000037291
221,178782.svg,11468,21.620856000026833,65.82568899989383,505.25389600011295,13.553667999985919
222,180407.svg,12964,6.5320969999902445,15.336163000029046,481.7706440001075,4.07308900003045
223,117285.svg,22387,47.312013000009756,46.01539300006152,558.6325320000469,32.05996900010177
224,138955.svg,16946,44.40493099991727,47.19081600001118,584.8062980001032,26.827877999949123
225,185212.svg,41332,115.32845799979441,116.78319699990425,678.9187029999084,73.81334800015793
226,134750.svg,40916,144.53351199995268,114.94217100016613,1013.5638260001087,83.57223000007252
227,155377.svg,33075,81.02875200006565,92.3434140001973,635.392536000154,55.72501300002841
228,13507.svg,19723,30.0509769999735,177.9949699998724,541.3956400000188,19.593066999959774
229,30316.svg,22073,56.93091400007688,79.87896800000271,578.0786230000103,34.7177629998896
230,178008.svg,34039,80.7238980000875,99.79697700009638,593.3831260001625,44.01593900001899
231,187889.svg,40965,110.2878779997809,183.2125820001238,644.6498249999877,66.34749199997714
232,80012.svg,43112,104.72945299989078,250.78972900018925,634.859964000043,65.909837999925
233,107230.svg,28320,86.9026110001414,53.104490000123405,606.9736130000365,49.5264630001202
234,138669.svg,21485,41.664721999950416,192.0915180000975,566.5253610000036,28.463667999858444
235,190065.svg,33030,75.0884279998445,188.3371910000733,605.4886770000394,47.124070000108986
236,98761.svg,44992,125.07855400008339,182.68016000001808,687.9746319998503,75.31610699993507
237,20495.svg,19824,46.763831999896865,49.82837200009271,548.5703770000327,29.663787999879787
238,42445.svg,29079,67.05018499997095,135.48987499984833,621.5011729998423,41.3910570000553
239,22696.svg,30349,91.90310500002852,255.84246100015662,650.0169099999766,58.57196199985992
240,24115.svg,42267,287.86551100006363,256.38210800002526,1133.9355190000333,139.57141999981104
241,28026.svg,33106,43.889891000162606,136.55577199983782,552.4671340001532,30.064591999916956
242,5769.svg,13367,36.74459799981378,162.92213199994876,558.8262159999431,21.20060399988688
243,67165.svg,34381,91.60178799993446,197.21415300000444,627.1147719999135,55.94453599996996
244,32805.svg,16131,33.617231000107495,97.01533999987078,531.1878919999344,21.061462000034226
245,170518.svg,42203,81.27146900005755,194.88368499992248,628.2576940000126,52.77227400006268
246,23868.svg,21762,38.33539400011432,190.664882999954,544.7571290001179,26.037971000050675
247,116418.svg,18838,37.66319800001838,105.34894900001746,542.7277480000612,26.851123000142252
248,77135.svg,26883,53.365401000064594,258.80134299995916,576.4464899998529,35.54486999996698
249,110957.svg,34900,391.74178700000084,263.81777699998565,839.5095460000448,113.85726800017437
250,202274.svg,42004,82.46725000003607,111.01601900008973,626.4641369998571,53.68566400011332
251,130796.svg,13839,23.397180000074513,145.8310650000385,533.2438630000524,18.72673599996233
252,72171.svg,35181,35.54054199980783,263.8324049999028,559.6644140000535,29.7728929999721
253,188144.svg,41009,104.47156800000812,182.68419700007144,642.3867340001834,65.01652599990848
254,2741.svg,46493,144.4473700000799,112.56574599997293,697.4271090000457,75.97022899994954
255,175100.svg,38826,124.00369099987074,145.18749299986666,712.6189099999465,85.9739620000255
256,108489.svg,14710,25.877559000036854,55.66846700003225,514.9039240000093,16.22664999990775
257,4867.svg,41218,88.30777599996509,149.39890200002992,610.3045039999415,53.463514999975814
258,110891.svg,27512,217.38677100006498,207.64810699984082,741.4220569999088,92.12991200001852
259,186249.svg,46189,54.04936800005089,850.3476599998976,594.5353449999402,38.61225499986176
260,137236.svg,37827,63.7650000001031,636.7012900000191,602.1424880000268,44.364324000071065
261,153269.svg,11078,66.07585999995536,51.90381900001739,569.4105430000036,32.79518299996198
262,150963.svg,23328,52.731076000100074,99.40449800001261,605.1273569999012,34.31926200005364
263,99530.svg,37722,89.1008400001283,1324.751704999926,682.822471999998,66.52898400011509
264,160981.svg,48118,112.90704999987611,409.0593109999645,638.2797220001066,63.04860099999132
265,169792.svg,19224,54.51528599996891,63.27125000007072,567.4961590000294,33.4272429995508
266,136785.svg,34321,89.80748000021777,45.719826000095054,615.8609949998208,53.98123000031774
267,152295.svg,49810,118.86877300003107,224.7371399998883,768.4233930003757,78.96186100015257
268,26398.svg,42429,489.42999500013684,115.99317900027017,657.7495680003267,64.3486489998395
269,19286.svg,31860,66.36804100025984,335.29909400022007,611.4329580000231,44.37539499986087
270,81540.svg,37200,137.07041099996786,120.56754100012768,684.2326569999386,72.82454599999255
271,95686.svg,16208,26.933647000078054,79.84893000002558,519.7473529997296,17.140600000402628
272,29385.svg,24337,47.42178000014974,266.928413000187,572.6193239997883,28.84448499980863
273,82855.svg,26674,47.96382100039409,55.86061800022435,583.2462210000813,39.31859499971324
274,188507.svg,43008,136.94019600006868,188.4997559996009,659.0624589998697,67.55889199985177
275,144879.svg,22261,88.14580099988234,37.03063800003292,614.4727709997824,55.085598999994545
276,92096.svg,42678,107.80550400022548,309.8432880001383,684.8501899999064,74.52650000004724
277,166396.svg,45916,119.45404400012194,40.764758000022994,666.3064479998866,71.7119509999975
278,183557.svg,10962,55.30137599998852,21.23227299989594,561.770979999892,35.72571100039568
279,141995.svg,33314,71.78838499976337,29.182852000303683,582.5250540001434,40.49671300026603
280,89152.svg,14673,60.65341199973773,63.058649999675254,535.6678359999023,24.27727699978277
281,25097.svg,14259,27.504491999934544,85.7587569998941,515.5853369997203,16.57422400012365
282,102853.svg,17316,31.60754700002144,130.07802599986462,532.7901289997499,21.32856600019295
283,60636.svg,19970,49.39409400003569,0.7599499999741965,562.4128190002011,30.365308999989793
284,2760.svg,46587,150.8379709998735,118.72229699974923,757.1598770000492,92.44966400001431
285,179546.svg,18365,42.556299999887415,88.40717300017786,544.4419649998054,24.19979099977354
286,93948.svg,27719,58.9981150001222,90.83192799971584,591.7506630003118,41.170922000219434
287,68695.svg,35209,115.74108500008151,146.88812399981543,668.1791840001097,67.90586600027382
288,28393.svg,13986,35.39268300028198,40.371978000166564,530.9555740000178,23.300997999740503
289,32124.svg,12445,31.201171999782673,130.70701099968574,538.1381069996678,21.267279999847233
290,86678.svg,49093,115.13845999979821,69.71380999993926,679.629370999919,75.75259899977027
291,186828.svg,20678,36.16010899986577,111.56868000034592,541.9662240001344,24.76454299994657
292,168422.svg,21982,64.01922800023385,25.05474999998114,562.8179920004186,35.253311000360554
293,3079.svg,27306,72.00768800021251,118.23756400008278,625.31647600008,44.839298999704624
294,37850.svg,20861,35.571691000313876,97.4929690000863,555.1654340001733,24.09410200016282
295,30751.svg,31334,594.2446789999849,144.89160599987372,834.4934509996165,126.76685299993551
296,39754.svg,18091,25.309058999937406,147.52221900016593,522.3378700002286,14.915079999809677
297,184894.svg,23764,55.59215300036158,99.03836800003774,561.4108319996376,32.87261900004523
298,95145.svg,34495,39.338812999631045,792.4233270000514,574.5844240000224,33.70260199972108
299,57038.svg,21527,38.950331000251026,64.37795400006507,542.0731050003269,26.57989199997246
300,66522.svg,27472,34.64140899995982,95.82006900018314,533.65405500017,21.820270999796776
301,192954.svg,11818,24.38649199984866,102.09857899963026,517.5966640003935,15.976929999851563
302,36178.svg,31608,79.14769000035449,50.20178399990982,602.8222469999491,48.08384699981616
303,55285.svg,24987,61.567842999920686,70.03588499992475,577.1242860000712,36.88792899993132
304,62799.svg,42617,403.44803700008924,75.2119999997376,676.6488600001139,73.69852099964191
305,46740.svg,25921,38.80092999997942,164.9139720002495,555.9155260002626,26.749159999781114
306,15614.svg,18042,31.72227400000338,105.42619500029105,538.882287999968,21.26953400011189
307,88211.svg,45768,87.17031400010455,455.9019119997174,651.9924999997784,57.229976000144234
308,73402.svg,27874,108.68736500015075,170.03493299989714,670.3076409999085,60.73889199979021
309,112776.svg,11189,16.142700999807857,69.27259799977037,503.27343800017843,10.434744999656687
310,135191.svg,40040,80.06666000028417,33.94895500014172,608.1619199999295,52.713463000145566
311,189675.svg,27626,55.76136200033943,298.7512260001495,598.2140310002251,46.37904699984574
312,101498.svg,15359,30.87649999997666,87.4168379996263,535.9442459998718,20.707937000224774
313,93169.svg,29551,57.78489200019976,313.4741539997776,617.4006730002475,42.33754799997769
314,154257.svg,14480,27.005413000097178,35.344462000011845,536.1594510000032,22.317157000088628
315,114919.svg,23153,49.16025400007129,117.73655199976929,566.2766030000057,30.829482000171993
316,192666.svg,35336,16.700240999853122,35.5276169998433,532.9283289997875,6.741042000157904
317,71051.svg,38222,71.89407400028358,156.25051200004236,623.1096120000075,47.739478000039526
318,144767.svg,41701,443.12954599990917,238.1057590000637,671.4511239997591,68.17010300028414
319,106332.svg,37656,117.2327630001746,94.79882699997688,681.7885649998061,70.53901299968857
320,170571.svg,21854,79.5148719998906,0.7024730002740398,582.7129770000283,40.55476199982877
321,126132.svg,27162,49.37786299979052,59.21812899987344,582.1416110002247,39.359311000225716
322,49638.svg,11939,24.63947800015376,44.40395899973737,512.9497449997871,16.57405399964773
323,190220.svg,32639,56.2453520001327,363.07367500012333,607.8360569999859,49.82177900001261
324,17038.svg,24058,36.709051999878284,286.5505760000815,555.3473370000575,26.68279599993184
325,35747.svg,19882,33.09888500007219,137.62535600017145,549.5288320003056,21.566303000327025
326,53274.svg,28620,78.36941499999739,109.78023199959352,605.7058559999859,45.241305000217835
327,162048.svg,34798,143.60098600036508,96.62358199966548,719.2811030004123,86.98797099987132
328,91919.svg,20050,53.6971149999772,212.28369500022382,599.1122320001523,362.6124460001847
329,100093.svg,37512,74.82880899988231,128.56261300021288,662.8021910000825,60.39667799996096
330,21568.svg,37700,95.23848499975429,107.2534650002126,654.5676480000111,66.0267080002086
331,95720.svg,49928,96.20409200033464,186.85124300009193,663.915807000194,66.82493100015563
332,202329.svg,42535,140.27891100022316,274.7798949999378,655.8261269997274,61.79603999999017
333,160818.svg,15298,43.41314700013754,48.63780699997733,541.7790790002073,26.03890299997147
334,202071.svg,34681,78.88350400025956,30.22861399995236,586.6989930000273,45.89288699980898
335,195348.svg,17416,44.26434099968901,113.53498900007253,546.5688499998578,26.803162000305747
336,17941.svg,12495,18.825808000201505,59.077609999803826,514.6849880002264,12.158219999946596
337,188830.svg,47885,445.2274469999793,104.59948900006566,687.8413809999984,78.60050099998261
338,184278.svg,18433,110.60193399998752,153.67412900013733,614.8019839997687,52.96177100035493
339,71531.svg,35655,57.09102799983157,303.8883609997356,604.7936340000888,44.97880500002793
340,27605.svg,31133,67.35324800001763,133.69980800007397,595.6922509999458,44.54514899998685
341,187050.svg,21951,46.88541699988491,134.64916600014476,557.9972639998232,29.07142499998372
342,171523.svg,44310,137.56761300010112,142.87383700002465,707.7899329997308,80.77902400009407
343,36862.svg,47643,145.30320299991217,91.0618009997961,724.7623200000817,89.89239899983659
344,88259.svg,12130,19.356657000116684,174.7789589999229,833.9830730001268,13.398875999882875
345,152981.svg,45486,183.08582500003467,76.31955499982723,729.2775440000696,92.50178299998879
346,1563.svg,24312,43.43175199983307,75.15469000009034,570.9639170004266,33.533418999923015
347,95148.svg,25014,36.72317700011263,66.70443500024703,549.9714179995863,26.352633999977115
348,141917.svg,28046,100.65736400019887,167.84492899978432,614.2728370000441,49.74140600006649
349,11544.svg,47726,149.32339500001035,155.28748799988534,726.810507999744,89.16597000006732
350,10957.svg,36967,92.73710600018603,96.71328600006746,938.9384819996849,57.4039680000169
351,132736.svg,47931,223.77784599984807,73.50301999986186,742.4731269998119,98.80842199981998
352,13960.svg,14868,69.06423000009454,92.33515000005355,540.3377839998029,26.66007300013007
353,39739.svg,28186,40.03728899988346,156.87245299977803,553.7755539999125,25.78816100003678
354,39381.svg,24775,44.321396999748686,247.76858199993512,563.5689890000322,29.50655499989807
355,61992.svg,31094,47.75107699970249,336.98213199977545,572.7496609997615,29.63215099998706
356,82074.svg,43736,73.43044300023394,436.18438600014997,601.6802600001938,45.331600999816146
357,146712.svg,43303,117.86250900013329,121.54060700004266,689.1854630002854,82.01607399996647
358,186534.svg,35966,87.5251899997238,264.4950159997279,631.6394870000295,54.694283999651816
359,50117.svg,13938,67.70949800011294,87.71392500011643,550.6025069998941,25.18467400022928
360,82762.svg,28849,39.32464599984087,248.38778899993486,555.041978999725,27.113557000120636
361,31822.svg,49494,152.0718609999676,141.07788399996934,745.7458720000432,94.98481999980868
362,122416.svg,12420,50.33850999961942,65.74939699976312,558.3610899998348,33.38869600020189
363,41707.svg,17823,34.84750300003725,114.24150899983943,541.0573899998781,22.94726999980412
364,140015.svg,46928,151.82354399985343,329.8620719997416,806.8432059999395,98.24369799980559
365,156079.svg,22914,43.454845000269415,148.93430199981594,543.6493410002186,25.293009000051825
366,134989.svg,11334,16.108559999793215,88.76364300022033,504.5592370001941,11.105116000180715
367,15999.svg,33502,102.30493700009902,335.45620799986864,995.5069959996763,48.48034099995857
368,3130.svg,18454,53.9850390000538,117.69919100015613,577.0189419999951,34.82539199967505
369,67612.svg,25220,58.79076000019268,337.5385300000744,618.8707279998198,40.27901400013434
370,149832.svg,37365,67.20825400043395,30.903194999609696,607.1560939999472,52.046026999960304
371,24709.svg,30139,232.4372560001393,79.63267500008442,751.4930359998289,94.45064400006231
372,52790.svg,47128,451.67901900003926,59.345295000184706,675.4685870000685,74.52591699984623
373,51239.svg,38037,77.8894909999508,331.12227499987057,633.0077940001502,51.586179999958404
374,145861.svg,30178,55.38174899993464,119.24795899994933,587.7032050002526,36.198068000430794
375,134544.svg,10251,30.87461199993413,59.09622599983777,527.0865759998742,18.303794000075868
376,71592.svg,23922,37.089316000219696,159.03687899981378,558.0724270002975,22.820791999947687
377,69764.svg,10042,40.81037500009188,30.921249000130047,547.3815410000498,21.898684999996476
378,68727.svg,14024,42.86292999995567,39.3781669999953,544.7447139999895,26.01388700031748
379,22961.svg,27574,38.899726000181545,339.53780499996356,553.0058829999689,28.046864999851095
380,120775.svg,11840,26.09669200001008,103.34063800019067,511.61699999966004,15.98298299995804
381,22298.svg,17742,35.28957599974092,65.94784000026266,537.9923770001369,23.898932000065543
382,89108.svg,22165,46.44127000028675,125.11706300028891,564.6190669999669,29.060154000035254
383,97270.svg,26154,96.74223000001803,179.46976399980485,695.376842999849,69.87472599985267
384,86850.svg,29272,75.55499399995824,96.66064600014579,611.6145109999707,48.278651000146056
385,194630.svg,44091,446.60933100021794,102.87124299975403,672.709421000036,69.159129000127
386,7197.svg,31703,184.64382899992415,55.21292100002029,641.0771119999481,56.59566599979371
387,17101.svg,39879,102.500905999932,190.2160639997419,687.4214499998743,71.38351800040255
388,33960.svg,22098,38.4675119998974,145.77281699985178,543.2988210000076,23.462329999802023
389,61410.svg,25780,66.8137409998053,353.3684250000988,621.0831540001891,44.363095999869984
390,161994.svg,39592,129.07422499984023,267.3465660000147,1066.4411879997715,89.23769500006529
391,97335.svg,19293,27.195931999813183,88.39003900038733,545.3443139999763,17.31259799998952
392,11406.svg,41851,172.36690499976248,86.85759199988752,705.4555869999604,82.80041099988011
393,132175.svg,24034,94.12837699983356,28.763525000158552,603.6547290000271,50.482853000175965
394,89431.svg,11991,21.008247999816376,74.01521400015554,508.05398800002877,13.853693000328349
395,185025.svg,15037,38.57282100034354,65.85527499964883,551.9151990001774,24.70270599997093
396,91648.svg,39447,104.9161460000505,235.42357999986052,706.042411999988,70.94338900014918
397,131996.svg,21738,38.322829000208,112.00029799965705,558.7351849999322,25.57624200017017
398,45012.svg,49846,60.2573820001453,343.26924400011194,612.4617160003254,41.71736299986151
399,103867.svg,36648,93.01401799984887,437.81586899967806,621.5296659997875,47.51967199990759
400,1432.svg,31280,52.34294599995337,72.81104699995922,599.2141950000587,44.01605200018821
401,114441.svg,21640,42.894248999800766,214.3670209998163,566.3343579999491,29.32145600016156
402,197882.svg,49536,57.38917000007859,33.19673400028478,606.4621870000337,50.76598499999818
403,60058.svg,44401,106.41745300017647,84.21751099967878,653.819773000123,66.71583700017436
404,97890.svg,21362,39.479296999616054,260.4867060003926,546.2415530000726,25.565040999936173
405,46074.svg,45875,107.55900300000576,37.688654999783466,622.9196029999002,58.8861100000031
406,12577.svg,16275,29.20622800002093,126.5560629999527,526.7285509999056,18.620590999944397
407,84934.svg,35778,61.52766500008511,131.3870220001263,584.9436370003787,40.31137500032855
408,49998.svg,36728,71.66177199997037,64.0095690000635,631.6010549999191,53.41934300031426
409,46197.svg,46647,105.40493600001355,35.620911000023625,626.2645239999074,58.437253999727545
410,3592.svg,36583,105.76246900018305,151.68064399995274,688.1596200000786,84.41249700035769
411,147679.svg,32056,93.09775600013381,64.15152599993235,617.9236539996964,51.05622300015966
412,184439.svg,29080,57.5019620000603,54.54374100008863,567.6204700002927,36.40442599999005
413,132066.svg,15259,47.3859089997859,63.73601400036932,549.1060590002235,27.885741000318376
414,80389.svg,44490,120.49526800001331,84.7734069998296,674.1188949999923,76.59893100026238
415,107025.svg,45386,97.09940299990194,36.36636400005955,618.2689540000865,56.755186000373214
416,10662.svg,18572,48.50078900017252,255.8286829998906,585.9520359999806,33.594655000342755
417,55041.svg,36313,56.123967000075936,181.82272500007457,588.3728059998248,40.32488099983311
418,113280.svg,14986,37.5528290001057,169.42591699989862,571.964301999742,22.581190999972023
419,1630.svg,20105,57.266588999937085,82.88056299988966,579.2444429998795,35.791812000297796
420,5175.svg,11912,32.115448000240576,203.1361790000119,553.5971880003672,21.29577000005156
421,135025.svg,23505,75.12787999985449,198.14726200002042,571.6023489999316,35.68863800001054
422,62938.svg,19277,30.790592999892397,91.7768080003043,554.0147940000679,20.409501000358432
423,102777.svg,45825,95.84833700000672,145.3550199998972,654.7204789999341,59.92946500009566
424,36807.svg,40152,128.81548799987286,118.0768630001694,688.4372630001963,80.84743299968977
425,62929.svg,23874,39.83438599971123,135.6152859998474,564.089850000073,24.993874999836407
426,58426.svg,48655,94.58165999967605,99.62285599976894,639.3237400002363,62.91118099989035
427,176119.svg,16166,53.79492100018979,37.61579799993342,548.981824999828,27.95552299994597
428,174040.svg,38528,107.96366499971555,143.89821599979769,665.7106289999319,65.29892799972004
429,132571.svg,39039,117.76235100023769,209.57285199983744,687.9378919998089,73.77626399966175
430,2335.svg,30059,92.30320899996514,118.18506699955833,648.4144219998598,61.767585999859875
431,141711.svg,42919,115.26443599996128,37.880977999975585,648.8881739996941,66.46638700021867
432,131826.svg,48417,152.6213160000225,373.0615360000229,696.7640060001941,74.10679699978573
433,5114.svg,17882,36.353009000322345,193.69887399989238,585.2761330002068,24.96944899985465
434,198589.svg,49464,86.57096300021294,199.7255139999652,627.0098270001654,56.97667399999773
435,14731.svg,39621,88.09973200004606,109.01558599971395,622.1853709998868,55.90437400041992
436,73314.svg,31010,58.666725999955815,209.3408650002857,586.0324079999373,37.58287599976029
437,10618.svg,39214,457.0398959999693,136.69993899975452,720.9862179997799,90.1669459999539
438,167780.svg,49769,112.90500199993403,244.1310600001998,702.221916000326,69.92140400006974
439,14540.svg,25050,67.72802299974501,69.08665099990685,593.0552849999913,43.13744699993549
440,185550.svg,27559,65.36216600034095,211.7770439999731,595.4218820002097,42.510006000156864
441,197393.svg,23661,34.17963600031726,194.32803900008366,541.0148689998096,21.77690500002427
442,189850.svg,41289,109.1065380001055,110.5362809998951,654.110479999872,66.53218000019478
443,117711.svg,38427,94.24665000005916,81.79333399993993,931.8528170001628,59.06055800005561
444,118438.svg,18124,54.32150299975547,17.82293899987053,546.8687239999781,30.841258999771526
445,88881.svg,33198,59.5814190000965,264.1358690002562,586.516710000069,40.09587900009137
446,10776.svg,19521,96.59580400011691,57.4410680001165,579.7663160001321,40.9386070000437
447,192387.svg,25289,44.169170999794005,141.34328500040283,557.9025160000128,28.208439000081853
448,82011.svg,36957,67.69988999985799,193.53999399982058,612.4956700000439,45.98583300003156
449,30259.svg,10111,20.85669300004156,50.98301399993943,505.4706230002921,12.882373000138614
450,145300.svg,18910,38.04166999998415,127.2916279999663,539.0683030000218,20.402086000103736
451,4290.svg,25323,75.2459129998897,122.43767700010721,629.0213759998551,51.1044929999116
452,11874.svg,34406,104.99361100028182,150.43829400019604,667.9822570004035,67.15464299986706
453,177366.svg,32752,60.47964099980163,92.70667900000262,617.2925350001606,46.91352999998344
454,20640.svg,14165,25.133547999757866,81.3466330000665,532.4950419999368,15.499864000048547
455,68184.svg,42156,61.65653800007931,137.98154300002352,608.3288920003724,41.656227999737894
456,25612.svg,39284,60.81602499989458,239.04840799968952,922.838979000062,40.00120099999549
457,19549.svg,14435,17.15368800023498,77.69141900007526,514.6496620000107,12.183387000277435
458,189176.svg,18755,41.41947200014329,155.9689509999771,547.3473759998342,25.512201000310597
459,13581.svg,21434,30.26615499993568,279.68632800002524,535.2855180003644,20.305555000049935
460,184389.svg,23023,70.63822400004938,35.6432529997619,581.6021440000441,38.89742199999091
461,92297.svg,12052,30.82532899998114,118.89310100013972,529.2626049999853,20.617752999896766
462,188660.svg,47053,134.82581900007062,109.54901100012648,689.6921760003352,75.64889200011748
463,31516.svg,41137,98.70997600000919,143.11154500001066,662.0909010002833,61.58989200002907
464,64780.svg,25195,39.669676999892545,388.2182530001046,557.6195130001906,28.405910999936168
465,27906.svg,43335,74.17021699984616,240.61383600019326,628.6038500002178,51.39743500012628
466,113987.svg,36137,505.11491299994304,166.09231800021007,811.7152619997796,123.50546800007578
467,108507.svg,10186,48.96273900021697,77.61038599983294,553.1445249998796,23.565805000089313
468,201181.svg,45214,60.3041099998336,61.25516200017955,607.5557060003121,50.789500000064436
469,143171.svg,43386,120.50374399996144,129.6790249998594,690.776028000073,74.39521000014793
470,76673.svg,47198,146.1111339999661,544.5130170000994,753.7732109999524,81.70898500020485
471,31507.svg,12622,43.50548100001106,150.9878789997856,552.6264589998391,28.7548279998191
472,164526.svg,16011,23.084949000349297,149.53383100009887,512.3923699998159,14.344467000228178
473,73144.svg,31887,65.78718699984165,144.3793230000665,636.0144170002968,51.90247599966824
474,140749.svg,32286,138.90020300004835,422.4003040003481,682.8821700000844,74.66408599975694
475,36172.svg,12869,33.459328999924765,52.18310500004009,531.3264719998188,22.53435200009335
476,163672.svg,13650,20.540316999813513,61.956062000263046,512.5327249998008,14.161613000396756
477,70383.svg,23627,66.60140099984346,21.768149999843445,576.966973999788,36.9698409999728
478,52077.svg,26559,69.58505099964896,86.23410900008821,590.771924999899,42.901914000140096
479,17301.svg,35696,73.91742099980547,271.98272800023915,617.9640199998175,48.216563999631035
480,185843.svg,34589,114.00573500031896,223.38628899979085,658.5230509999747,66.24925799997072
481,29012.svg,10930,16.945375999966927,115.61978599957001,500.2047450002465,11.359435000031226
482,189679.svg,35573,80.36033600001247,512.9127499999413,663.2208390001324,68.43938300016816
483,56487.svg,29687,85.55910700033564,128.09230599987131,952.6558980001028,52.548923999893304
484,151527.svg,29730,82.05588900000294,73.78792700001213,609.605356999964,48.45620500009318
485,92248.svg,16402,43.24228499990568,134.92613800008257,563.3661669999128,29.242367000279046
486,4128.svg,38146,92.46931200004838,217.5104619996091,658.7382660000003,58.743660999880376
487,10686.svg,14441,35.57053500026086,71.57541000015044,564.2482680000285,23.406424000313564
488,139830.svg,16535,35.802271999727964,90.84098499988613,559.7494849998839,18.557722000423382
489,100372.svg,23368,33.18664600010379,126.6945739998846,550.5083600000944,23.368362999917736
490,108738.svg,36515,244.69632499994987,217.7492109999548,848.0081190000419,123.77207000008639
491,180500.svg,31054,37.46561500020107,57.28653699998176,606.9878469998002,23.97499600010633
492,76977.svg,28006,38.678419000007125,202.79841299998225,544.7660840000026,25.082671999825834
493,108893.svg,14778,35.86126399977729,13.334134000160702,837.2645840004225,20.758808000209683
494,176318.svg,21819,36.98792500017589,102.83321199995044,540.3713069999867,24.804538999887882
495,162172.svg,16370,49.63405300031809,64.84694700020555,555.2677740001855,28.99754500003837
496,105572.svg,47979,174.17864800017924,305.0230889998602,860.99041999978,122.38969600002747
497,179419.svg,15169,45.526397000230645,17.565724000178307,542.3176630001763,26.60121300004903
498,168304.svg,40551,112.86252199988667,41.14964400014287,646.3684790001025,66.45451499980481
499,157590.svg,26817,156.44066000004386,69.58315700012463,613.6928349997106,51.268941999751405
500,196344.svg,19391,42.64315699992949,191.18806500000574,547.1651630000451,26.029114999801095
501,184212.svg,25652,37.449684999955934,101.72635700018873,541.2959780001074,23.466608000035194
502,91887.svg,21081,57.61602700022195,161.947250999674,584.6416280000994,39.56184300022869
503,183362.svg,45708,146.32183100002294,41.79180300025109,674.4946129997516,74.07589900003586
504,99193.svg,18294,31.659389000196825,133.9254429999528,560.9795120003582,20.8270260000063
505,97315.svg,36610,101.15807700003643,86.36417299976529,632.74288599996,60.57430999999269
506,34159.svg,48479,191.25601299992923,252.6629500002855,1087.963535000199,102.33516400012377
507,38618.svg,19940,42.657312999835995,95.83641400013221,544.7173329998805,27.081567000095674
508,39753.svg,15592,21.913132000008773,112.33194300029936,531.9161930001428,12.608547999661823
509,114172.svg,20362,31.428705000053014,66.73666599999706,567.4118960000669,22.99652299961963
510,134708.svg,31980,90.48114799998075,38.989134000075865,608.6348379999436,51.4850600002319
511,187405.svg,47492,63.76247400021384,74.08931400004803,601.7983120000281,49.81804999988526
512,59294.svg,13347,35.193466000237095,57.056213000123535,529.7703699998237,21.467743999892264
513,2532.svg,27750,129.54243800004406,42.508522999924025,632.2590839999975,58.770922999883624
514,82707.svg,48964,156.64359200036415,829.005638000126,744.9524069998006,91.7348990001301
515,96035.svg,40695,483.6055910000141,144.96626799973455,790.4066879996208,119.63111099976231
516,14204.svg,15963,37.669558999823494,74.321721999695,553.2329610000488,23.276128999896173
517,136802.svg,33614,87.40490399986811,38.50690700028281,609.7270359996401,53.302963999612984
518,82125.svg,46888,69.18018800024583,356.9533869999759,615.8299910002825,50.316629000008106
519,93409.svg,18677,93.57911300003252,97.28512299989234,630.7973410002887,61.19501900002433
520,68965.svg,14834,42.50831299987112,14.450606999616866,533.9484000000994,23.00514899980044
521,171530.svg,44917,123.71027300014248,40.91602400012562,942.7983319997111,71.11068399990472
522,97164.svg,20265,55.449306999889814,213.85961599980874,573.6426420003227,33.66994599991813
523,9070.svg,16339,62.303776999669935,329.92008099972736,600.3194969998731,37.96836199990139
524,42367.svg,46095,134.33132699992711,412.908184999651,761.9226000001618,82.12383699992643
525,26921.svg,14340,39.34261999984301,166.12459899988608,545.1919759998418,23.329811000166956
526,179481.svg,19456,50.71700400003465,37.95962599997438,543.6053579996951,29.605270000047312
527,114346.svg,24750,59.74069900003087,62.872316999801114,562.7065140001832,34.25789299990356
528,143992.svg,28995,82.99411600000894,37.36692899974514,594.8832180001773,46.67147300006036
529,27587.svg,11288,26.263796999955957,61.96072100010497,524.9301050002941,18.251325000164798
530,106470.svg,39663,47.433879999971396,166.4998060000471,569.3828590001431,31.34270300006392
531,83161.svg,37329,97.72300699978587,79.56740200006607,631.3512939996144,59.30631100000028
532,138420.svg,23555,378.60532800004876,49.170459999913874,567.4970469999607,40.567537999777414
533,165753.svg,12386,21.011964999615884,64.98827199993684,510.72563100024126,12.312719999954425
534,38893.svg,28232,92.15140300011626,268.3448859997952,635.5465249998815,50.26118499972654
535,33199.svg,39970,139.21965500003353,182.446531000096,704.8831279998922,85.83259299985002
536,179281.svg,11022,53.250886000114406,41.8917919996602,538.4319649997451,22.273472000051697
537,74303.svg,16749,34.88999399996828,75.65333999991708,537.0859999998174,23.02153999971779
538,141104.svg,27010,88.13871599977574,189.5765089998349,587.659942999835,38.87351699995634
539,137188.svg,21141,51.27068599995255,91.24783199968078,568.9616059999025,34.42731199993432
540,25507.svg,15701,35.87313600019115,147.35932500025228,538.8210169999184,26.055844999973488
541,117819.svg,19875,47.16073500003404,89.62066699996285,578.3886510002958,31.573277000006783
542,19305.svg,32377,178.86597699998674,126.59925399975691,613.9031709999472,53.802805000032095
543,102757.svg,37598,80.98645500012935,31.78592699987348,597.0203430001675,47.08604400002514
544,82300.svg,22470,413.2085209998877,166.88630399994508,646.9299559998944,58.548634000089805
545,47548.svg,47461,141.96001500022248,97.71852900030353,720.4040619999432,86.48212600019178
546,199261.svg,11145,18.975068999679934,20.131857999786007,501.8868229999498,13.47776399961731
547,65467.svg,10895,49.44642999998905,31.371377000141365,529.7356959999888,21.305177000158437
548,148168.svg,45739,161.61033600019437,118.44188999975813,706.2272800003484,83.76745199984725
549,36792.svg,36854,113.65851099981228,74.75916600014898,640.1531820001765,62.75645900041127
550,122225.svg,46286,71.14897599967662,364.16500999985146,596.3363649998428,43.06048299986287
551,11048.svg,31188,73.10485999960292,243.36417700033053,630.6009810000432,51.787149000119825
552,144323.svg,30737,63.09142999998585,74.05165299996952,905.1881649997995,46.93385800010219
553,88781.svg,10798,21.587638999790215,83.94703100020706,509.5809750000626,14.139240999611502
554,76056.svg,37144,54.50069900007293,146.05871599997045,567.5439259998711,32.36378599967793
555,14717.svg,32503,60.86479600025996,173.63690799993492,592.7473649999229,36.36454200022854
556,189308.svg,30814,71.77072700005738,214.22735899977852,595.6114499999785,44.23418299984405
557,187276.svg,40748,104.41165499969429,184.27586600000723,643.618177999997,64.20001800006503
558,152808.svg,27430,79.0006639999774,83.21742600037396,607.8262450000693,46.7519160001757
559,199964.svg,31370,59.73867500006236,50.43077500022264,569.7855879998315,39.27303000000393
560,5184.svg,33852,84.25698399969406,431.62987699997757,660.4170390000945,57.71222800012765
561,100855.svg,24679,60.47235699998055,45.02537400003348,574.6557610000309,36.204880999775924
562,7407.svg,19608,55.24450099983369,577.9621779997797,597.3666959998809,39.58626900021045
563,6394.svg,12302,52.41537200026869,67.06037599997217,551.6259650003121,23.58929000001808
564,139834.svg,17226,51.71031400004722,87.79815399975632,556.7221229998722,30.860203999964142
565,81872.svg,22744,30.542145000254095,94.37575299989476,539.1445770001155,20.354185999622132
566,118671.svg,13894,57.138728000154515,112.09985499999675,546.7109880000862,30.787127000166947
567,8598.svg,33767,451.8135120001716,128.4485979999772,665.0360480002746,68.11463100029869
568,71018.svg,20719,47.67390199958754,129.56242599966572,541.7900689999442,27.71558200038271
569,158876.svg,27922,119.23208899997917,191.99874100013403,683.935374000157,68.8039189999472
570,23279.svg,46845,72.52510799980882,116.5270229998896,610.973212999852,51.52190899980269
571,45143.svg,47549,137.66630899999655,89.26403499981461,704.9138359998324,82.37783499998841
572,140504.svg,46839,138.1963970002289,0.7358660000136297,702.6149959997383,85.41326199974719
573,99391.svg,34876,101.37049700006173,387.4493540001822,599.0083980000236,48.89408999997613
574,76108.svg,44008,169.20903800019005,77.15393599983145,691.9867180004076,80.3256600001987
575,164080.svg,25557,91.99813500026721,43.49482099996749,604.4220539997696,49.29419400014012
576,29684.svg,23593,22.146231000078842,2078.923425999619,539.8721269998532,26.950930999646516
577,20860.svg,40637,76.36512099998072,441.3856119999764,618.8479339998594,50.957666999693174
578,4393.svg,32003,97.66721200003303,251.75810600012483,657.7829469997596,59.17595600021741
579,98937.svg,21061,41.19813500028613,156.9716700000754,590.127591000055,26.07629399972211
580,18032.svg,30002,42.25330200006283,179.0324899998268,565.4702599999837,28.96423299989692
581,9067.svg,20213,98.98519499984104,52.746065000064846,595.8900639998319,41.753381000035006
582,187770.svg,40238,105.77141600015239,178.54684499980067,668.3239200001481,62.042975000167644
583,94183.svg,36883,110.91851000037423,155.68209000002753,668.7960290000774,65.76642799973342
584,65310.svg,42571,97.87369099967691,109.91400800003248,613.0048199997873,51.885584999581624
585,129798.svg,28573,86.10739999994621,100.55036199992173,620.0872590002291,53.7110219997885
586,186707.svg,15900,29.052370000044903,96.36361700040652,518.2687870001246,16.064717000062956
587,102909.svg,23236,51.387707000230876,84.18349599969588,567.5654560000112,34.53928299995823
588,29092.svg,44339,67.87610199990013,429.4267779996517,607.1532480000315,44.719135999912396
589,189992.svg,48693,131.1723680000796,125.20987700008845,690.9092690002581,82.60841999981494
590,113329.svg,10036,11.555384000075719,43.461968999963574,492.73266199998034,6.470216000252549
591,118916.svg,48362,124.8003460000291,124.56344000020181,1028.8551270000426,79.20436799986419
592,130459.svg,18237,54.505237999819656,81.04876200013678,579.097486000137,35.6634709996797
593,185460.svg,13698,19.76490599963654,150.3188599999703,519.07571799984,13.701998000215099
594,20691.svg,14239,61.520161000316875,107.12331200011249,539.2324220001683,24.730618999910803
595,105807.svg,17682,40.343766000205505,56.17306900012409,557.8354700001,25.4146369998125
596,23351.svg,17157,27.01860899969688,169.36143600014475,529.6745499999815,18.978114999754325
597,95455.svg,34553,64.85758700000588,820.083312999941,617.8315709998969,45.611015999838855
598,130140.svg,49362,138.38217700003952,259.4816229998287,735.5170360001466,83.89510300003167
599,196246.svg,17181,44.343499000206066,74.35152800007927,539.4099559998722,26.599508999879617
600,6680.svg,10639,29.308380999736983,131.35327800000596,524.1138370001863,19.059878999996727
601,198849.svg,25748,60.256910999669344,361.19078799993076,575.8822610000607,36.34424300025785
602,132438.svg,24952,81.45731200011141,27.33591600008367,591.0510910002813,45.80864899980952
603,162205.svg,24262,33.88074299982691,239.16329399980896,530.2767140001379,21.757498999704694
604,68889.svg,15222,49.835192000045936,41.42684599992208,550.659443999848,31.433803999789234
605,141595.svg,27994,70.39451500031646,86.22978999983388,563.5392929998488,36.60102599997117
606,41905.svg,47260,146.0288399998717,99.71424799960005,710.6505510000716,85.88684400001512
607,165961.svg,22857,52.35327599984885,209.17692600005466,600.2376329997787,33.5359430000608
608,174681.svg,49635,148.0366910000157,46.67439900003956,685.2596280000398,81.16727600008744
609,86402.svg,34996,48.93026899981123,173.1718109999747,585.3180030003386,33.187606999945274
610,186072.svg,31769,59.53200599969932,427.1803470001032,602.1490530001756,40.626599000006536
611,202165.svg,17978,40.23251600028743,103.19031499966513,543.6088249998647,26.65753900009804
612,186380.svg,41171,85.39112099970225,174.23380200034444,644.2016669998338,61.496976999933395
613,131858.svg,15775,32.87708300013037,84.21653899995363,539.2890580001222,19.239256999753707
614,151184.svg,19517,51.71837899979437,124.5408579998184,581.7935239997496,32.78596100017239
615,4869.svg,43977,92.9430749997664,195.11517099999764,920.7980750002207,48.78217899977244
616,96155.svg,45037,99.73565800009965,170.89729799999986,626.5312260002247,60.83820599997125
617,103743.svg,39391,47.22090899986142,97.30480999996871,438.37093399997684,31.341320000137785
618,131923.svg,41813,107.10458799985645,132.9092689998106,694.5618579998154,74.60162899997158
619,34911.svg,23424,75.99516399977801,27.873528999862174,586.0791659997631,42.980272000022524
620,12035.svg,22502,49.758949000079156,217.05074600004082,564.8238120002134,32.09483900036503
621,109960.svg,28716,165.92003400000976,217.52618200025609,1023.8378160001957,83.80545399995754
622,149808.svg,37019,98.80607700006294,205.54023699969548,657.339071000024,67.41678700018383
623,158137.svg,33923,98.91715599997042,30.64905600012935,615.9150510002291,52.68623200026923
624,5920.svg,32180,95.73560399985581,278.1868330002908,668.8592890000109,63.77776299996185
625,16224.svg,20520,126.9090480000159,99.93914100004986,656.6102480001064,68.81190400008563
626,154450.svg,21261,31.67905600002996,202.71995499979312,541.455288999714,20.92455100000734
627,126676.svg,18614,55.92157599994607,70.17269800007853,558.8664820002123,33.689753000089695
628,90260.svg,32148,67.77156500038473,111.1672790002558,620.5119789997298,42.85076799988019
629,85110.svg,47608,105.98916699973415,383.68492499967033,666.5747760002887,72.0260979996965
630,113041.svg,38300,107.72194999981366,131.206130999999,673.1312550000439,70.31497499974648
631,113072.svg,37605,84.81797100012045,396.9110160001037,624.1479870000148,53.26912999998967
632,202138.svg,17655,48.79452199975276,99.24374100000932,543.3764880003764,26.55218000018067
633,34323.svg,10451,17.131555999640113,45.72788600034983,499.0151040001365,10.407250999833195
634,61715.svg,36340,84.67352900015612,234.53219200018793,624.4486030000189,54.20366999987891
635,72126.svg,46371,71.67634000006728,218.33312200033106,626.5643490000912,51.50486699994872
636,196269.svg,18958,9.162517000277148,13.528319999750238,507.5914770000054,2.8417819999049243
637,128852.svg,11690,31.656673999805207,19.539240999620233,515.0864639999782,14.620085999922594
638,152723.svg,12100,25.58900599979097,74.72458100028234,519.3940369999837,17.620356999941578
639,156385.svg,19332,38.02773400002479,191.92774799967083,547.6098099998126,27.10194600012983
640,89401.svg,12651,20.872392000001128,73.05001699978675,518.3662509998612,14.567256999725942
641,37557.svg,13464,24.17220699999234,99.31498499963709,524.703898000098,17.61865399976159
642,102829.svg,46735,97.18502399982754,108.20629199997711,666.7080869997335,64.7905300002094
643,146301.svg,35875,108.31620899989503,197.8809900001579,668.571286000315,63.71981299980689
644,85872.svg,15673,26.26860600003056,90.41390099991986,524.8647109997364,16.035683000154677
645,190607.svg,33642,103.00723000000289,50.95859899984134,621.0988240000006,56.74446600005467
646,134245.svg,22824,68.54332800003249,58.545898999909696,587.0685499999126,39.43102599987469
647,38242.svg,20160,38.039305999973294,218.1241170001158,535.4589450003004,19.933344000037323
648,176184.svg,45587,58.10517899999468,713.8707459998841,605.329654000343,43.09729200031143
649,2643.svg,25452,154.02671300034854,74.68826200010881,631.5754460001699,52.77018100014175
650,79360.svg,29120,36.62790699991092,152.63853799979188,555.3492369999731,26.604518000112876
651,92543.svg,28269,88.12656200007041,268.1692760002079,637.6627009999538,52.49353899989728
652,180084.svg,38845,121.62991500008502,141.1428269998396,689.4229899999118,76.74356300003637
653,32465.svg,36093,93.00918899998578,332.3488150003868,665.2707099997315,61.41073500020866
654,155296.svg,14893,29.869787999814434,54.21524200028216,522.6578339998014,19.24815399979707
655,170796.svg,49304,119.89811300009023,78.65847999983089,692.5731229998746,78.67604300008679
656,32492.svg,13129,20.389993999742728,52.93545199992877,507.0152120001694,13.382555000134744
657,199221.svg,13604,29.39048600001115,184.5470859998386,524.2565660000764,19.15651999979673
658,136608.svg,24090,69.24387799972465,66.51601000021401,607.5702429998273,40.53439499966771
659,7344.svg,37180,85.20764499962752,287.6384349997352,663.4586770001079,57.682992999616545
660,51590.svg,49975,112.49832600014997,168.06182700020145,664.2251709999982,68.54260699992665
661,67338.svg,39536,130.4534229998353,133.68169400018814,687.4764939998386,74.74275499998839
662,3011.svg,42180,94.28760699984196,207.0327780002117,673.7181910002619,65.9939770002893
663,134897.svg,36521,54.74758500031385,141.16007899974647,581.4032590001261,38.73144899989711
664,111494.svg,24180,73.6518700000488,177.5018469998031,594.9624780000704,44.016743000156566
665,89112.svg,31494,47.29117099986979,467.8067350000674,568.3306480000283,29.875088000153482
666,188148.svg,44183,116.85082299982241,188.23728699999265,665.6792600001609,70.56081900009303
667,197883.svg,29180,36.04411700007404,17.792611999993824,550.0850529997479,32.66509400009454
668,68962.svg,22034,75.7406840002659,46.20877200022733,602.8252860000975,47.92079700018803
669,198836.svg,19171,30.83702000003541,34.43913499995688,530.967875999977,36.07715999987704
670,142776.svg,28105,83.46199700008583,40.37452400007169,595.2605089996723,46.373150999897916
671,18233.svg,12241,21.174973000142927,93.97875499962538,517.1621940003206,14.208420999693772
672,3448.svg,46718,138.21985100003076,434.17584200005876,763.5708739999245,94.09219899998789
673,98515.svg,15049,46.21709799994278,152.07884499977808,568.5790150000685,30.259032000230945
674,113356.svg,33362,124.51748300009058,53.99037900042458,968.3219150001605,70.95492000007653
675,27567.svg,33967,82.3788269999568,79.40154900006746,609.1378959999929,49.25090300002921
676,3956.svg,24899,80.77009699991322,118.58959900018817,651.3297629999215,46.096339999621705
677,44965.svg,17455,34.72646599993823,41.024808999736706,535.8259959998577,21.842618999926344
678,131790.svg,13081,23.742807999951765,80.36042499998075,517.70844199973,14.960086999963096
679,150042.svg,20774,39.83513699995456,165.55715100003,555.0915019998683,27.801643000202603
680,81412.svg,22239,27.793057000053523,100.0077900002907,524.4168280000849,18.757158999960666
681,129785.svg,26092,40.19653900013509,199.81043400002818,567.4770400000853,26.659693000055995
682,30489.svg,46546,108.90115100028197,69.22326900030384,655.846670000301,69.68460799998866
683,62480.svg,18189,52.13176799998109,17.34750300011001,547.4125589998948,28.907717000038247
684,115009.svg,34741,176.24424799987537,222.29426200010494,1062.7782990000014,93.6692119998952
685,21010.svg,33420,53.99015800003326,351.561251000021,613.1729560001986,38.56024600008823
686,3369.svg,31430,93.52960999967763,139.04446500009726,675.9995770003115,63.03341100010584
687,177342.svg,19577,47.84372199992504,92.31505100024151,577.3431019997588,34.51422599982834
688,27352.svg,24450,41.22829100015224,97.51328199990894,565.3183240001454,27.65826399991056
689,91249.svg,33548,66.9119059998593,115.74621400040996,620.6913369996983,44.9205259997143
690,52773.svg,43578,147.86862399978418,97.67112000008638,692.8581500001201,79.51092599978438
691,49276.svg,39686,70.99426499962647,921.4376599998104,610.0054700000328,49.58367900007943
692,13872.svg,17064,37.96033700018597,49.087073000009696,538.6118730002636,23.852675999933126
693,107433.svg,28641,40.70333300023776,283.18204200013497,560.921853000309,30.531634999988455
694,190771.svg,26964,55.8426679999684,40.01563800011354,564.6253290001368,34.989441000107036
695,81975.svg,38771,71.66752300008739,156.08682299989596,595.7599789999222,40.85329500003354
696,93176.svg,47813,449.90782300010324,249.7142070001246,748.8791430000674,74.78639700002532
697,102449.svg,21205,73.53710400002456,121.74081300008766,612.1358129998953,42.46582200039484
698,193066.svg,41759,79.45748500014815,292.90518500010876,627.6149469999837,55.260581000311504
699,186449.svg,42790,96.11363600015466,197.1614949998184,651.384366000002,61.409271999764314
700,116668.svg,24864,53.3990740000263,64.20738199994958,551.8512789999477,29.886520000218297
701,100615.svg,44206,116.78657200036469,116.14159800001289,647.6196749999872,63.940688999991835
702,195180.svg,17388,51.24088999991727,95.61288300028536,546.4880879999328,26.45201099994665
703,29222.svg,41479,78.10855499974423,213.7806969999474,624.1363449998971,50.73290399968755
704,150665.svg,36837,60.704204000103346,83.99016200019105,623.6706680001589,56.79311699987011
705,144040.svg,40518,110.4711769999085,55.25691499997265,653.3905839996805,67.5629120000849
706,51002.svg,22546,62.44240700016235,105.65433600004326,599.210808999942,35.64910300019619
707,64848.svg,34302,97.4523169998065,241.8686199998774,660.9462360001999,64.0403669999614
708,76900.svg,16618,29.134353999779705,109.95157900015329,523.3630230000017,18.795770999986416
709,64405.svg,27679,60.64916000013909,77.84160099981818,574.970502999804,38.21189100017364
710,58690.svg,46449,122.03405599984762,156.84782700009237,675.9029749996444,75.10118999971382
711,148621.svg,16679,49.345780999829,82.11566199997833,573.9089339999737,29.65305999987322
712,95464.svg,40080,42.21623199964597,291.9527209996886,582.9661930001748,29.260190000059083
713,49573.svg,11386,14.49330800005555,64.08770699999877,527.1557460000622,9.153990999948292
714,43170.svg,20950,25.015294999775506,79.49882299999445,519.7372530001303,16.276436000225658
715,78256.svg,32923,105.63180300005115,1.6732909998609102,612.9017260000182,53.430965000188735
716,188398.svg,21311,44.53609199981656,99.83367299992096,555.5268220000471,29.86625199991977
717,158816.svg,44560,194.56354199974157,921.9386129998384,887.5699619998159,114.77406200037876
718,103049.svg,31259,83.79307099994548,141.5267100001074,638.9823270001216,58.66018400001849
719,200822.svg,34931,79.1768660001253,53.53373899970393,592.3236769999676,45.66563900016263
720,148532.svg,45659,77.13998999997784,36.56550999994579,634.8067420003645,62.27125600025829
721,52465.svg,32352,131.87688500011063,87.18012000008457,663.151929000378,69.24475000005259
722,179076.svg,47862,504.3831859998136,65.13666199998625,740.4734619999545,98.75228600003538
723,168504.svg,30655,143.15232199987804,176.74671599979774,720.205256999634,86.68016899991926
724,176010.svg,32106,56.83622900005503,226.09816700014562,585.0442870000734,39.354864000415546
725,66110.svg,29619,89.55002399989098,161.33171199999197,665.2554120000786,59.97152400004779
726,193627.svg,48198,88.57297400027164,401.7576139999619,649.9580189997687,60.69359399998575
727,36677.svg,13171,35.596725000232254,149.86394199968345,558.5647829998379,21.969508999973186
728,16463.svg,20735,46.42947799993635,79.90712199989503,572.1922699999595,30.147230999773456
729,53594.svg,11413,43.811898000058136,31.34771199984243,543.9919370001007,26.251633000356378
730,14683.svg,37875,64.95436900013374,343.0342300002849,618.3169249998173,41.752068999812764
731,3215.svg,48863,128.71876600001997,502.9870850003135,750.2934660001301,84.84593299999688
732,27940.svg,49214,111.82847400004903,199.34856500003661,675.5749479998485,73.04420599984951
733,116186.svg,11109,45.209961000182375,54.72361900001488,540.3291779998654,24.3569250001201
734,147747.svg,17005,31.42047899973477,154.41773900010958,530.1748929996393,20.602084000074683
735,96131.svg,34228,63.21195700002136,106.8382250000468,582.0129470002939,39.44842000009885
736,181679.svg,23087,48.973629999636614,71.00080700001854,585.7890900001621,37.24538999995275
737,124902.svg,37318,60.98785799986217,152.5679950000267,610.4992099999436,47.27591200025927
738,154885.svg,17840,29.202992000136874,191.77672299974802,529.083566999816,18.975310000314494
739,41594.svg,46426,88.23918400003095,463.94305800004076,638.3978459998616,53.63980800029822
740,116200.svg,26006,105.28165300002001,61.1861620000127,650.7499710000957,66.81243799994263
741,168203.svg,44138,462.35556700003144,55.448305000027176,667.3031279997303,72.39459200036436
742,5936.svg,16576,45.3721469998527,60.815323000042554,563.1282590002229,32.04939400029616
743,15933.svg,12554,17.561856999691372,83.14456900006917,507.2330520001742,12.32964200016795
744,178099.svg,44807,132.5631169997905,6.782495000152267,755.8216890001859,73.1748719999814
745,196652.svg,33706,110.4374149999785,81.94465899987335,634.6526020001875,56.91426599969418
746,115362.svg,12215,29.176552999615524,40.89466400000674,523.3757470000455,18.92985399990721
747,112148.svg,22312,31.605717999809713,136.03186000000278,541.7749399998684,20.97647800019331
748,85537.svg,17255,27.795130999948015,105.2170620000652,531.1235290000695,18.782476000069437
749,105494.svg,39330,280.3895530000773,299.697278000167,1203.3809180002208,131.31013700012772
750,159077.svg,19795,40.85984799985454,109.21702599989658,567.106712000168,27.842591000080574
751,44720.svg,23999,51.92106100003002,209.8491029996694,555.9402910002973,27.41826100009348
752,109959.svg,35886,211.27716099999816,294.0893350000806,814.322132000143,103.0522649998602
753,181839.svg,39747,52.87525799985815,366.8377839999266,584.9187899998469,35.10588100016321
754,106202.svg,44632,87.43833700009418,129.05499999988024,640.6450790000235,59.30156200020065
755,68684.svg,24834,78.90716800011432,81.52666200021486,600.4575879996992,48.2954819999577
756,30767.svg,39183,81.33499099994879,240.23602399984156,632.5530479998633,56.066318999910436
757,52641.svg,33561,402.59578199993484,326.5696899998147,591.9546019999871,38.7602330001755
758,101044.svg,25414,42.017277000013564,192.13810400015063,592.763986999671,26.398279999739316
759,151050.svg,11243,83.59217300039745,66.34290400006648,532.3065269999461,17.357962999994925
760,192403.svg,19041,52.56513399990581,18.351854999764328,551.8748929998765,31.784304000211705
761,117586.svg,13780,38.96763300008388,13.393024999913905,526.1471170001641,21.939541999927314
762,18031.svg,10157,15.504813000006834,64.50528300001679,504.6672899998157,10.52209799991033
763,184500.svg,20585,58.37989600013316,18.262496999795985,557.8656870002305,32.93463099998917
764,171464.svg,29484,82.0136690003892,56.98693199974514,613.2214070003101,54.88433199980136
765,194260.svg,32983,78.89823200002866,145.296880999922,874.3623249997654,46.86888500009445
766,98974.svg,39778,163.89778500024477,148.5658980000153,645.8837360000871,63.56671599996844
767,151422.svg,32526,59.55472899995584,96.78959999973813,581.3724009999532,36.614732000089134
768,28938.svg,35246,89.02101700005005,131.30440700024337,628.1680389997746,58.50795699961964
769,116541.svg,18849,53.508300999965286,69.14641499997742,573.369898999772,32.23539400005393
770,140036.svg,14735,36.721052000302734,66.26382500007821,841.4156919998277,24.827472000197304
771,74072.svg,41569,85.06959500027733,143.894740000178,682.4452579999161,64.95725400009178
772,103148.svg,13305,21.818314000029204,86.22171500019249,509.7240350000902,13.69989299973895
773,187678.svg,40023,107.31819000011456,107.57317999969018,649.9957900000481,64.31888199995228
774,32460.svg,43076,110.05878100013433,418.308906999755,707.106135000231,74.76819300018178
775,82468.svg,30295,63.45279099969048,129.3797209996228,623.1181369998922,49.26707200002056
776,21289.svg,39906,81.50956000008591,306.0360770000443,600.9242570003153,41.51686499972129
777,179504.svg,27224,67.30459500022334,158.95369300005768,586.7612609999924,38.28884599988669
778,174920.svg,30246,59.07277100004649,101.09620000002906,614.403012999901,45.440725999924325
779,29409.svg,23756,49.53442600026392,259.24710099980075,577.0540980001897,32.392058999903384
780,186529.svg,35306,84.23771799971291,228.9650759998949,942.651515000307,56.46096200007378
781,187833.svg,42084,107.87465800012797,185.0018629997976,655.5808289999732,65.75000700013334
782,190574.svg,48267,104.45238100010101,318.8527659999636,719.7639760001948,71.54021299993474
783,65728.svg,13585,21.305407999989256,46.168686999862985,507.5262050004312,12.68867799990403
784,130208.svg,12337,16.96790799996961,137.3472169998422,503.2717720000619,10.75086899982125
785,68117.svg,46053,65.356115999748,183.3923720000712,602.6948609996907,44.328029999633145
786,80339.svg,47328,128.90596000033838,46.4351590003389,677.1314590000657,74.7953029999735
787,194873.svg,34663,69.03642700035562,72.55956300014077,640.5616020001617,49.773135999657825
788,200228.svg,29663,67.90241199996672,125.75218999973004,897.251026000049,39.23110000005181
789,191722.svg,40432,94.5656910002981,243.75185700000657,647.8718300004402,62.97158400002445
790,195047.svg,19036,33.69704700025977,192.13241299985384,541.2156769998546,22.583515000405896
791,28031.svg,32836,42.8500959997109,123.47293599987097,561.2840349999715,29.521462000047904
792,155255.svg,26327,62.191164000068966,87.33216700011326,598.9848740000525,41.97854500034737
793,50226.svg,38681,120.69541500022751,35.05172899986064,640.0428239999201,62.370671999815386
794,128823.svg,45249,147.51346499997453,156.2060979999842,731.3901130000886,87.55860300016138
795,195186.svg,34276,67.59796799997275,292.63448500023514,608.1713650000893,47.67850999996881
796,142529.svg,41363,119.11458700024014,75.47204899992721,676.1650489997919,71.86245999992025
797,155951.svg,25256,93.80604000034509,87.16284799993446,611.2828059999629,53.15933399970163
798,151342.svg,38082,72.76365699999587,92.11572599997453,636.4712669997061,55.61529899978268
799,143010.svg,29878,59.946295999907306,107.52163300003303,612.4575589997221,45.06213300010131
800,15187.svg,35758,58.20806200017614,130.2472850002232,577.5100470000325,35.653562000334205
801,20484.svg,41519,106.29029399979117,225.59167300005356,657.2963809999237,63.41567099980239
802,167173.svg,48058,136.0103199999685,40.455415999986144,642.5885789999484,60.25666100003946
803,94578.svg,49735,200.02435700007482,241.36746599970138,833.4215760000916,123.80299699998432
804,202090.svg,47712,95.8899349998319,60.93879599984575,627.5023550001606,58.62249400024666
805,101656.svg,32641,90.95183399995221,345.23965499965925,676.7211059996043,52.051096000013786
806,36091.svg,15516,36.04397800017978,36.78675600031056,533.2786180001676,23.164328999882855
807,54905.svg,18991,47.020260999943275,81.06477199999063,575.5624080002235,31.400580999616068
808,95803.svg,23450,45.3657650000423,167.4040990001231,563.8842029998159,32.004910000068776
809,33245.svg,10229,22.824348000085593,66.43505800002458,516.0177679999833,14.713180999933684
810,179395.svg,28390,86.42921499995282,26.888012000199524,600.7302099997105,47.325003999958426
811,47375.svg,49247,458.836490000067,46.94991799988202,685.4712370000016,81.64993400032472
812,99737.svg,14614,27.329202999681,67.62778499978594,526.2673330003054,17.47601500028395
813,25617.svg,20017,36.94495399986408,108.56690199989316,537.2276260000035,24.09749600019495
814,98084.svg,23700,66.97119699992982,370.7723749998877,599.7394239998357,41.783698000017466
815,22229.svg,24627,109.95954400004848,63.16208299995196,589.7992430000158,41.96678200014503
816,198216.svg,48508,138.16315400026724,193.64741700019295,690.8628820001468,81.84245700022075
817,32584.svg,40329,116.23935200032065,345.2224729999216,1060.9220129999812,90.39917300015077
818,161297.svg,29890,70.19326599993292,66.65484199993443,575.4376529998808,37.675891000162665
819,6314.svg,10834,25.804160999996384,65.73448800008919,525.189352000325,18.086615999891364
820,186391.svg,18491,45.89864900026441,52.83237799994822,545.0410220000776,27.1341359998587
821,163910.svg,16299,43.212770000081946,66.19443500039779,549.5943779997106,23.571585999889066
822,12513.svg,20416,44.6182570003657,174.87708399994517,565.7358600001317,24.669213999914064
823,188411.svg,21185,57.07610100034799,65.0789530000111,557.8794929997457,31.867601000158174
824,11254.svg,10284,26.743870999780484,116.67396099983307,549.3694550000328,17.236062999927526
825,101778.svg,48143,131.21519800006354,160.85287000032622,705.7074010003817,77.52057699963188
826,92067.svg,43635,115.46348999991096,307.872223999766,715.0471619997916,75.56098599980032
827,2404.svg,30905,113.16123500000685,68.72990000010759,636.9375360000049,58.949778999703994
828,97927.svg,30862,369.1375249995872,223.17445999988195,580.014183000003,34.47896000034234
829,95472.svg,40473,65.25411299980988,128.0336259997057,599.5263830000113,38.725718000023335
830,110912.svg,43170,450.78267000008054,291.49880599970857,912.8010029999132,143.3996969999498
831,149035.svg,23250,42.42070700001932,207.15143100005662,560.7319959999586,27.904157000193663
832,137611.svg,10735,34.808049999810464,48.95795000038561,528.214159000072,20.30689799994434
833,186032.svg,13490,27.934474000176124,63.77999699998327,530.516806000378,17.88131900002554
834,155576.svg,45936,104.5590630001243,34.374482999737666,635.2857749998293,61.698677000094904
835,58127.svg,27778,50.73409500027992,155.05457900007968,896.9140599997445,34.47967099964444
836,112357.svg,38390,139.89140900002894,97.6088620000155,628.2557240001552,56.05997700013177
837,62007.svg,26755,96.51086399981068,60.69259200012311,616.3333290000992,52.94398799969713
838,36769.svg,29585,93.3204959997056,75.7407449996208,620.1078580002104,53.42448300007163
839,88642.svg,21447,157.74394499976552,69.8761190001278,674.4789540002785,67.21443499964153
840,140352.svg,22932,24.777336999704858,184.0947050000068,522.8860449997228,15.974737999840727
841,111470.svg,48543,113.01831499986292,40.55484299988166,633.7709209997229,63.42489800044859
842,190064.svg,14050,34.6989439999561,83.92244400010895,528.4401849999085,20.810255000014877
843,2810.svg,29813,77.4804210000184,213.34335399978954,619.2119400002412,50.76628599999822
844,152192.svg,20287,325.3708319998623,35.15670600017984,555.838920000042,30.740779000097973
845,187616.svg,46792,134.2584900003203,96.72419500020624,684.0531860002557,75.78182300039771
846,86696.svg,24568,51.75721300020086,106.13745599994218,577.1708369998123,35.23347100008323
847,173440.svg,27130,76.14746099989134,57.789534000221465,594.5619629997054,45.29006199982177
848,15289.svg,22562,54.939687000114645,117.26300999998784,587.722470999779,31.9415310000295
849,111767.svg,38975,47.65383299991299,109.58890600022642,588.3192460000828,32.57259899964993
850,59863.svg,33451,75.76729399988835,163.46022100015034,588.5238500000014,42.26906199983205
851,17077.svg,36160,69.73049399994125,138.22032200005197,565.4057090000606,29.567510000106267
852,16010.svg,28124,45.60058700008085,257.96881399992344,547.1910019996358,28.387215999828186
853,65276.svg,26491,49.07350799976484,30.79965999995693,564.2595700001038,34.00306300000011
854,95590.svg,21333,33.06841399989935,154.80213299997558,551.9414390000748,21.774340999854758
855,103699.svg,38913,97.27857999996559,107.91969299998527,653.581142999883,65.85282099968026
856,186215.svg,41955,103.95844200002102,89.27809199985859,664.5044470001267,70.37246299978506
857,85612.svg,21630,29.984885999965627,107.93574299987085,538.5215730002528,20.734261999677983
858,189282.svg,40263,109.46139600036986,98.04206800026805,646.2033170000723,65.16346299986253
859,120111.svg,28532,112.48376899993673,42.78015499994581,650.5405769999015,66.80731899996317
860,48117.svg,35631,112.06137399994986,67.095080999934,844.3451799998911,71.62606399970173
861,34222.svg,22670,53.92935400004717,63.279864999913116,588.0825790000017,35.12903399996503
862,97088.svg,35038,71.21223500007545,79.77666599981603,599.4154539998817,46.45721099996081
863,168660.svg,12033,34.90965099990717,13.956226000118477,526.0782870000185,22.043276999738737
864,168803.svg,31232,92.4625699999524,79.30766300023606,628.0141689999255,52.939127999707125
865,47996.svg,47439,150.4487639999752,141.96383300031812,759.3664949999948,94.99599099990519
866,10057.svg,37523,179.83383000000686,116.72859400005109,693.9569700002721,79.21349599973837
867,6328.svg,33244,84.62656099982269,361.6256270001941,656.7042960000435,56.89335699980802
868,95789.svg,24129,31.37030500010951,71.01894099969286,524.6852230002332,19.750719999592548
869,117259.svg,32560,64.45211199979894,173.33654200001547,582.2496239998145,40.17695199991067
870,69752.svg,29376,82.48471999968388,66.12781100011489,596.8511780001791,45.5031900000904
871,86666.svg,32200,44.18992499995511,370.8709520001321,563.4789920000003,31.15494800022134
872,3744.svg,39827,120.42849199997363,306.55234100004236,653.9953579999747,65.70664699984263
873,187515.svg,39503,99.17389300017021,166.65607699997054,630.1423530003376,58.89275599975008
874,50803.svg,49886,97.67344600004435,49.736227999801486,644.0965920000963,62.301931000092736
875,15816.svg,18557,39.881544999843754,59.68663099974947,542.2334400000182,25.391645999661705
876,186121.svg,19417,39.43030499976885,108.47685699991416,548.9070880003055,24.89500000001499
877,70849.svg,12946,29.14641200004553,48.559481000211235,537.4633690003066,22.077489999901445
878,61730.svg,10493,32.81169999991107,10.613913999804936,519.6375139998963,18.011046000083297
879,14988.svg,27360,60.099049000200466,164.10313599999427,592.8620099998625,41.5218759999334
880,134514.svg,35490,49.912269999822456,75.89678300018932,572.650688000067,32.63784199998554
881,23514.svg,30713,55.76704399982191,257.62928499989357,645.4960199998823,35.25455399994826
882,92366.svg,45171,116.12133500011623,427.54251200040017,772.530172000188,79.30145000000266
883,11779.svg,27339,75.59503399988898,79.92858199986586,638.8972129998365,50.53742899963254
884,85871.svg,16881,32.21989500025302,103.22816500001863,531.2616510000225,22.851848999835056
885,165015.svg,20328,30.048583000279905,112.1854660000281,541.0122889998092,19.483781000417366
886,129210.svg,16837,46.819211000183714,40.52273400020567,546.7032739998103,27.553950999845256
887,92109.svg,18278,46.28532400010954,141.1309599998276,557.4635140001192,31.918097000016132
888,188027.svg,32467,43.90580899962515,239.59097900024062,575.4769949999172,33.11949099997946
889,85375.svg,11563,24.995208000291314,63.6181210002178,522.4810530003197,16.646644000047672
890,103028.svg,43523,104.5989180001925,0.8227000002989371,733.7282509997749,74.69223299995065
891,194698.svg,42371,442.0933659998809,77.29484900028183,629.1980019996117,56.612749000123586
892,178332.svg,18691,36.99804999996559,133.63974200001394,550.9514710001895,23.759589999826858
893,185006.svg,16451,23.207099000046583,107.64301500012152,516.5930059997663,16.138345999934245
894,186363.svg,20960,166.82413399985307,121.84322800021619,562.3901690000821,31.16090899993651
895,65721.svg,15419,27.70383300003232,58.34021500004383,517.8920029998153,16.702670000086073
896,159690.svg,42992,139.22193300004437,94.6590940002352,682.2904460000245,79.97931700037952
897,78121.svg,26879,82.5069010002153,77.4422859999504,613.6512210000546,48.659249000138516
898,76043.svg,46974,86.74034000023312,262.9765930000758,669.2248110002765,57.75662400037618
899,49773.svg,25605,105.75896399996054,140.7734860003984,613.3033349997277,49.619047999840404
900,97092.svg,11505,25.585711000076117,94.47155099996962,517.6288080001541,15.973825999935798
901,130994.svg,37248,60.04167099990809,288.0562209998061,611.7213640000045,38.38851099999374
902,179628.svg,40164,90.87981199991191,65.4332220001379,939.9540059998799,52.265144999637414
903,93175.svg,47779,118.57454800019696,263.9846829997623,770.4818510001132,74.57288800014794
904,61685.svg,21883,29.39996999975847,101.40445700017153,528.8953819999733,19.14068500036592
905,94141.svg,48201,159.3030799999724,218.49884499988548,823.1533009998202,113.29892499998095
906,188098.svg,40598,101.83344600000055,181.4273569998477,641.0576739999669,63.43241200011107
907,14715.svg,26299,84.89956100038398,102.06838900012372,585.3105270002743,38.302198000110366
908,151755.svg,28283,74.09487699987949,102.0445839999411,615.6128279999393,46.70438400034982
909,166982.svg,15120,22.926430000097753,112.97205900018525,510.51446899964503,13.588821000212192
910,28969.svg,33730,46.072924000327475,135.13521999993827,547.7436150003996,31.462446999739768
911,37507.svg,46130,76.28678800028865,516.577917000177,636.1684500002411,53.87498899972343
912,136567.svg,39246,44.05505099975926,116.68954500009932,550.3859149998789,27.2468419998404
913,29969.svg,40643,36.5109129998018,292.4894470002073,560.0429759997496,26.620321000336844
914,40504.svg,17350,45.485617000394996,108.35050900004717,571.9719180001448,28.52615300025718
915,196785.svg,30376,150.21713500027545,173.94542599959095,616.8492390002029,52.06356400003642
916,61658.svg,45157,161.84839600009582,39.491941000051156,663.9779330002966,72.17215299988311
917,155486.svg,46341,91.68116199998622,413.4176409997963,667.4146099999234,58.93460500010406
918,148758.svg,43828,62.307641000188596,55.89244999964649,587.7579299999525,46.22028199992201
919,99490.svg,40770,111.95687600002202,250.90916999988622,972.9816529998061,68.21463500000391
920,83591.svg,25398,79.2493519998061,118.22320599958402,613.7956940001459,46.20375000013155
921,45983.svg,16097,32.96195299981264,16.383968999889476,524.642416000006,20.472314000016922
922,110930.svg,36272,57.81420299990714,81.77878900005453,571.8407919998754,35.65208400004849
923,3724.svg,16067,49.93777800018506,65.80266899982234,585.6558789996598,31.091729000308987
924,104816.svg,27259,60.11156300019138,53.76404899971021,568.3826039999076,36.20959399995627
925,14452.svg,29477,47.751106999839976,233.57488999999987,579.3112599999404,30.194588000085787
926,95413.svg,38079,73.88975999992908,178.32019099978424,622.1705379998639,51.387460000114515
927,36670.svg,17799,51.88593999992008,375.5791559997306,578.505492000204,33.474099000159185
928,14111.svg,35087,69.55674400023781,230.6823680000889,642.7280329999121,45.21242200007691
929,96011.svg,10363,26.913884000350663,81.93431200015766,520.3753440000582,17.323358999874472
930,49769.svg,49403,176.64092600034564,134.19227199983652,752.9143010001462,101.68448500007798
931,39391.svg,33917,77.11340600008043,372.08531199985373,624.9018960002104,44.520346999888716
932,168120.svg,44527,137.74481800010108,91.72399299995959,722.8557399998863,85.93360900022162
933,143059.svg,24498,63.603203000184294,62.371120999614504,606.6746419996889,39.95749799969417
934,64092.svg,38163,82.31783399969572,59.47433199980878,612.9948539996803,49.827049000214174
935,69770.svg,36412,68.17184399960752,63.97557499985851,592.7059659998122,44.01029600012407
936,11816.svg,15386,38.68460900002901,124.45034199981819,548.1990840003164,23.347011999703682
937,157538.svg,35836,58.94127700003082,134.91924300024039,566.7141990002165,30.784519000008004
938,146751.svg,38946,92.32153900029516,231.8837220000205,947.6741359999323,63.06623099999342
939,72893.svg,21683,87.91580499973861,167.93612999981633,647.4957089999407,51.94276700012779
940,160451.svg,25981,23.177231999852665,99.64638400015247,533.4751840000536,15.184368000063841
941,98821.svg,39080,44.97950299992226,264.7342159998516,581.3741089996256,30.84135700009938
942,8936.svg,26956,64.45612100014841,199.6462940001038,612.4800140000843,42.241663000368135
943,199039.svg,47571,87.26890599973558,91.62797200042405,630.4441410002255,58.401850999871385
944,65939.svg,12884,18.485149000298406,75.94462400038537,512.5969339997027,13.030498999796691
945,109897.svg,46269,148.35770100035006,122.55239500018433,735.3566699998737,91.43422699980874
946,133642.svg,29030,56.10602300021128,247.52989099988554,600.4160669999692,38.96481700030563
947,137550.svg,23829,65.7745960002103,88.03883700011284,611.7978090001088,40.93383800000083
948,57186.svg,29292,76.4602350000132,123.62086900020586,564.5756889998665,33.52120699992156
949,93461.svg,49166,78.81994199988185,169.09911199991257,976.5050840001095,54.41457500000979
950,50126.svg,35433,140.02979400038384,81.99055800014321,712.5690120001309,82.98159600008148
951,97077.svg,32898,71.57681099988622,516.5428210002574,586.062684999888,40.39035400001012
952,202248.svg,19134,43.3760920000168,88.9041579998775,552.982418999818,28.79219499982355
953,199317.svg,15876,37.10359899969262,221.36711199982528,538.9364760003446,21.987921000345523
954,171365.svg,48356,137.30451800029186,52.62794800000847,669.175358999837,72.3821289998341
955,41767.svg,24216,59.70800200020676,274.74017399981676,598.2202789996336,38.737478999792074
956,70051.svg,25886,42.09827300019242,251.95437999991555,563.8246929997877,26.549959000021772
957,5539.svg,42836,118.66218300019682,280.0117689998842,692.8038510000079,75.3222100001949
958,156988.svg,37103,109.17727700007163,36.107140999774856,657.6031280001189,64.06984299974283
959,187654.svg,41764,112.10106799990172,196.30776199983302,657.7236749999429,68.11969600039447
960,153203.svg,26782,78.44204999992144,26.869020000049204,586.4334539996889,43.009591000100045
961,117588.svg,10567,28.44699400020545,16.668194999965635,521.5642950001893,17.457462000038504
962,197000.svg,44773,114.1668700001901,143.6940600001435,670.089901999745,74.7427979999884
963,48525.svg,38615,82.94667000018308,102.71769300015876,947.6581769999939,55.514829000003374
964,25735.svg,12563,26.080783999987034,106.26513799979875,529.5387539999865,17.080331999750342
965,117033.svg,22136,52.194802000030904,21.516101000088383,543.613311000172,27.499037999859866
966,32346.svg,38245,79.47073900004398,192.1045009999034,641.4959200001249,52.304838999589265
967,50990.svg,16718,40.08085000032224,108.1577049999396,554.2926179996357,26.396169000236114
968,60722.svg,28914,69.12998999996489,56.91618999981074,592.371655000079,42.5291249998736
969,99238.svg,22965,50.205532999825664,34.01046999988466,554.512753000381,29.01170799987085
970,22667.svg,31937,48.78675800000565,155.61800399973436,579.8359199998231,33.6495090000426
971,14160.svg,20885,77.88945899983446,50.02186699994127,579.8824069997863,36.90475500025059
972,83769.svg,13010,28.617285000109405,63.094755000292935,596.6469640002288,15.650556999844412
973,166832.svg,49137,132.5391469999886,103.00853099988672,706.3738669999111,81.48181900014606
974,36683.svg,42052,48.73292699994636,318.0157460001283,583.8510470002802,35.3060109996477
975,184798.svg,42844,109.75322200010851,250.61657800006287,671.2937709999096,68.04155800000444
976,149424.svg,43940,130.0771670003087,140.62496699989424,703.0708910001522,79.71109200025239
977,146394.svg,12816,40.510249999897496,34.46151000025566,530.5670519996966,22.686698000143224
978,162144.svg,12196,38.09655099985321,169.88709699990068,568.0875570001263,20.64964900000632
979,96997.svg,14554,20.106074000068475,136.56987400008802,547.7179660001639,13.211890000093263
980,65524.svg,11609,52.470090000042546,41.01711500015881,558.324477000042,23.179015000096115
981,172483.svg,29407,87.40572400029123,33.99132399999871,609.9682799999755,53.281320000223786
982,27177.svg,25101,87.37870400000247,86.54603400009364,613.9015229996403,51.08390799978224
983,68165.svg,42923,66.42818799991801,160.21745299985923,601.5415490001033,42.31526199964719
984,31574.svg,30451,65.74846700004855,262.1924360000776,629.5219230000839,46.15394699976605
985,72163.svg,22410,33.40480799988654,107.37482000013188,545.7798639999965,22.44591400040008
986,89425.svg,19715,44.02852100020027,124.41559699982463,550.1501200001258,23.94750399980694
987,130727.svg,41631,744.5930680000856,39.889619999939896,616.1903870001879,52.55398899998909
988,80052.svg,20635,33.4009410003091,230.2441329998146,534.0951519997361,20.482532999722025
989,66744.svg,30615,69.91741399997409,25.673667000319256,571.5674560001389,38.700237999819365
990,28998.svg,39041,85.80989600022804,227.7168390000952,653.6467209998591,58.24319099974673
991,116037.svg,29975,63.831033000042225,104.1089049999755,616.9855860002826,58.6186790001193
992,64847.svg,43797,134.98682999988887,420.1169769999069,724.0764299999682,78.70584800002689
993,180040.svg,46637,126.04964599995583,81.99662900005933,677.5621340002544,75.5891439998777
994,28138.svg,15085,28.035148000071786,78.60544799996205,530.6629329998032,18.15106900039609
995,80160.svg,45281,106.85200399984751,36.08352699984607,634.3802599999435,61.714163000033295
996,97450.svg,32242,53.47357099981309,70.99531499989098,587.5760180001635,34.974375999809126
997,121438.svg,39401,434.24305000007735,36.77101199991739,646.1045359997115,63.652495999576786
998,144617.svg,42317,112.93764399988504,70.94592199973704,649.50773999999,60.504163000132394
999,85104.svg,30516,64.34845800004041,293.6195460001727,593.751266000254,42.134100000112085
