,filename,size
0,113329.svg,10036
1,69764.svg,10042
2,30259.svg,10111
3,18031.svg,10157
4,108507.svg,10186
5,33245.svg,10229
6,134544.svg,10251
7,11254.svg,10284
8,29401.svg,10347
9,96011.svg,10363
10,50102.svg,10403
11,34323.svg,10451
12,61730.svg,10493
13,195148.svg,10557
14,117588.svg,10567
15,6680.svg,10639
16,19023.svg,10653
17,175853.svg,10690
18,137611.svg,10735
19,88781.svg,10798
20,6314.svg,10834
21,37838.svg,10844
22,65467.svg,10895
23,29012.svg,10930
24,183557.svg,10962
25,179281.svg,11022
26,153269.svg,11078
27,116186.svg,11109
28,199261.svg,11145
29,112776.svg,11189
30,7876.svg,11207
31,151050.svg,11243
32,27587.svg,11288
33,134989.svg,11334
34,49573.svg,11386
35,53594.svg,11413
36,178782.svg,11468
37,97092.svg,11505
38,180059.svg,11523
39,85375.svg,11563
40,65524.svg,11609
41,45071.svg,11649
42,128852.svg,11690
43,192769.svg,11726
44,186621.svg,11797
45,192954.svg,11818
46,120775.svg,11840
47,5175.svg,11912
48,49638.svg,11939
49,89431.svg,11991
50,168660.svg,12033
51,92297.svg,12052
52,152723.svg,12100
53,88259.svg,12130
54,162144.svg,12196
55,115362.svg,12215
56,18233.svg,12241
57,6394.svg,12302
58,130208.svg,12337
59,165753.svg,12386
60,122416.svg,12420
61,32124.svg,12445
62,17941.svg,12495
63,15933.svg,12554
64,25735.svg,12563
65,31507.svg,12622
66,89401.svg,12651
67,187219.svg,12711
68,39445.svg,12739
69,10974.svg,12760
70,146394.svg,12816
71,36172.svg,12869
72,65939.svg,12884
73,70849.svg,12946
74,180407.svg,12964
75,83769.svg,13010
76,138370.svg,13051
77,131790.svg,13081
78,32492.svg,13129
79,36677.svg,13171
80,54959.svg,13203
81,132794.svg,13259
82,103148.svg,13305
83,59294.svg,13347
84,5769.svg,13367
85,92462.svg,13432
86,37557.svg,13464
87,186032.svg,13490
88,134986.svg,13533
89,65728.svg,13585
90,199221.svg,13604
91,163672.svg,13650
92,185460.svg,13698
93,26475.svg,13733
94,117586.svg,13780
95,130796.svg,13839
96,130901.svg,13863
97,118671.svg,13894
98,50117.svg,13938
99,28393.svg,13986
100,68727.svg,14024
101,190064.svg,14050
102,11832.svg,14100
103,60425.svg,14122
104,20640.svg,14165
105,20691.svg,14239
106,25097.svg,14259
107,114383.svg,14299
108,26921.svg,14340
109,157789.svg,14389
110,19549.svg,14435
111,10686.svg,14441
112,154257.svg,14480
113,96997.svg,14554
114,132356.svg,14569
115,99737.svg,14614
116,89152.svg,14673
117,108489.svg,14710
118,140036.svg,14735
119,108893.svg,14778
120,68965.svg,14834
121,13960.svg,14868
122,155296.svg,14893
123,4124.svg,14940
124,113280.svg,14986
125,185025.svg,15037
126,98515.svg,15049
127,28138.svg,15085
128,166982.svg,15120
129,179419.svg,15169
130,68889.svg,15222
131,132066.svg,15259
132,160818.svg,15298
133,101498.svg,15359
134,11816.svg,15386
135,65721.svg,15419
136,49509.svg,15473
137,36091.svg,15516
138,180567.svg,15532
139,39753.svg,15592
140,12344.svg,15619
141,85872.svg,15673
142,25507.svg,15701
143,86431.svg,15748
144,131858.svg,15775
145,35366.svg,15821
146,199317.svg,15876
147,186707.svg,15900
148,172305.svg,15954
149,14204.svg,15963
150,164526.svg,16011
151,3724.svg,16067
152,45983.svg,16097
153,32805.svg,16131
154,176119.svg,16166
155,95686.svg,16208
156,12577.svg,16275
157,163910.svg,16299
158,9070.svg,16339
159,162172.svg,16370
160,92248.svg,16402
161,185006.svg,16451
162,189435.svg,16519
163,139830.svg,16535
164,5936.svg,16576
165,76900.svg,16618
166,148621.svg,16679
167,50990.svg,16718
168,74303.svg,16749
169,34183.svg,16762
170,129210.svg,16837
171,189983.svg,16855
172,85871.svg,16881
173,138955.svg,16946
174,173602.svg,16970
175,147747.svg,17005
176,13872.svg,17064
177,6163.svg,17097
178,23351.svg,17157
179,196246.svg,17181
180,139834.svg,17226
181,85537.svg,17255
182,102853.svg,17316
183,40504.svg,17350
184,195180.svg,17388
185,195348.svg,17416
186,44965.svg,17455
187,161039.svg,17518
188,163690.svg,17523
189,20684.svg,17577
190,135030.svg,17611
191,202138.svg,17655
192,105807.svg,17682
193,22298.svg,17742
194,36670.svg,17799
195,41707.svg,17823
196,154885.svg,17840
197,5114.svg,17882
198,107638.svg,17955
199,202165.svg,17978
200,142740.svg,18036
201,15614.svg,18042
202,39754.svg,18091
203,118438.svg,18124
204,62480.svg,18189
205,130459.svg,18237
206,92109.svg,18278
207,99193.svg,18294
208,24178.svg,18338
209,179546.svg,18365
210,184278.svg,18433
211,3130.svg,18454
212,186391.svg,18491
213,15816.svg,18557
214,10662.svg,18572
215,126676.svg,18614
216,93409.svg,18677
217,178332.svg,18691
218,189176.svg,18755
219,75545.svg,18789
220,116418.svg,18838
221,116541.svg,18849
222,145300.svg,18910
223,196269.svg,18958
224,54905.svg,18991
225,195047.svg,19036
226,192403.svg,19041
227,96123.svg,19118
228,202248.svg,19134
229,198836.svg,19171
230,169792.svg,19224
231,62938.svg,19277
232,97335.svg,19293
233,156385.svg,19332
234,196344.svg,19391
235,186121.svg,19417
236,179481.svg,19456
237,151184.svg,19517
238,10776.svg,19521
239,177342.svg,19577
240,7407.svg,19608
241,100781.svg,19647
242,89425.svg,19715
243,13507.svg,19723
244,159077.svg,19795
245,20495.svg,19824
246,117819.svg,19875
247,35747.svg,19882
248,38618.svg,19940
249,60636.svg,19970
250,25617.svg,20017
251,91919.svg,20050
252,1630.svg,20105
253,114690.svg,20133
254,38242.svg,20160
255,9067.svg,20213
256,97164.svg,20265
257,152192.svg,20287
258,165015.svg,20328
259,114172.svg,20362
260,12513.svg,20416
261,200166.svg,20446
262,29272.svg,20487
263,16224.svg,20520
264,184500.svg,20585
265,80052.svg,20635
266,186828.svg,20678
267,71018.svg,20719
268,16463.svg,20735
269,150042.svg,20774
270,95769.svg,20815
271,37850.svg,20861
272,14160.svg,20885
273,43170.svg,20950
274,186363.svg,20960
275,93569.svg,21024
276,98937.svg,21061
277,91887.svg,21081
278,137188.svg,21141
279,188411.svg,21185
280,102449.svg,21205
281,154450.svg,21261
282,188398.svg,21311
283,95590.svg,21333
284,97890.svg,21362
285,13581.svg,21434
286,88642.svg,21447
287,138669.svg,21485
288,57038.svg,21527
289,68200.svg,21577
290,85612.svg,21630
291,114441.svg,21640
292,72893.svg,21683
293,131996.svg,21738
294,23868.svg,21762
295,176318.svg,21819
296,170571.svg,21854
297,61685.svg,21883
298,187050.svg,21951
299,168422.svg,21982
300,68962.svg,22034
301,30316.svg,22073
302,33960.svg,22098
303,117033.svg,22136
304,89108.svg,22165
305,81412.svg,22239
306,144879.svg,22261
307,112148.svg,22312
308,127884.svg,22352
309,117285.svg,22387
310,72163.svg,22410
311,82300.svg,22470
312,12035.svg,22502
313,51002.svg,22546
314,15289.svg,22562
315,190142.svg,22607
316,34222.svg,22670
317,29292.svg,22709
318,81872.svg,22744
319,109816.svg,22786
320,134245.svg,22824
321,165961.svg,22857
322,156079.svg,22914
323,140352.svg,22932
324,99238.svg,22965
325,184389.svg,23023
326,195935.svg,23041
327,181679.svg,23087
328,114919.svg,23153
329,92384.svg,23188
330,102909.svg,23236
331,149035.svg,23250
332,143317.svg,23297
333,150963.svg,23328
334,100372.svg,23368
335,34911.svg,23424
336,95803.svg,23450
337,135025.svg,23505
338,138420.svg,23555
339,29684.svg,23593
340,70383.svg,23627
341,197393.svg,23661
342,98084.svg,23700
343,29409.svg,23756
344,184894.svg,23764
345,137550.svg,23829
346,62929.svg,23874
347,136905.svg,23902
348,71592.svg,23922
349,44720.svg,23999
350,132175.svg,24034
351,17038.svg,24058
352,136608.svg,24090
353,95789.svg,24129
354,111494.svg,24180
355,41767.svg,24216
356,162205.svg,24262
357,1563.svg,24312
358,29385.svg,24337
359,15244.svg,24370
360,98696.svg,24434
361,27352.svg,24450
362,143059.svg,24498
363,92567.svg,24532
364,86696.svg,24568
365,22229.svg,24627
366,100855.svg,24679
367,31327.svg,24690
368,114346.svg,24750
369,39381.svg,24775
370,68684.svg,24834
371,116668.svg,24864
372,3956.svg,24899
373,132438.svg,24952
374,55285.svg,24987
375,95148.svg,25014
376,14540.svg,25050
377,27177.svg,25101
378,89024.svg,25142
379,64780.svg,25195
380,67612.svg,25220
381,155951.svg,25256
382,192387.svg,25289
383,4290.svg,25323
384,83591.svg,25398
385,101044.svg,25414
386,2643.svg,25452
387,116334.svg,25485
388,164080.svg,25557
389,71864.svg,25573
390,49773.svg,25605
391,184212.svg,25652
392,154629.svg,25690
393,198849.svg,25748
394,61410.svg,25780
395,28139.svg,25838
396,91008.svg,25848
397,70051.svg,25886
398,46740.svg,25921
399,160451.svg,25981
400,116200.svg,26006
401,169800.svg,26076
402,129785.svg,26092
403,97270.svg,26154
404,74991.svg,26193
405,158011.svg,26201
406,189966.svg,26247
407,14715.svg,26299
408,155255.svg,26327
409,139663.svg,26371
410,97986.svg,26420
411,73267.svg,26449
412,65276.svg,26491
413,52077.svg,26559
414,99315.svg,26567
415,112836.svg,26606
416,82855.svg,26674
417,178167.svg,26714
418,62007.svg,26755
419,153203.svg,26782
420,157590.svg,26817
421,78121.svg,26879
422,77135.svg,26883
423,8936.svg,26956
424,190771.svg,26964
425,141104.svg,27010
426,139021.svg,27074
427,142401.svg,27106
428,173440.svg,27130
429,126132.svg,27162
430,179504.svg,27224
431,104816.svg,27259
432,3079.svg,27306
433,11779.svg,27339
434,14988.svg,27360
435,152808.svg,27430
436,66522.svg,27472
437,110891.svg,27512
438,185550.svg,27559
439,22961.svg,27574
440,189675.svg,27626
441,64405.svg,27679
442,93948.svg,27719
443,2532.svg,27750
444,58127.svg,27778
445,83353.svg,27803
446,73402.svg,27874
447,3535.svg,27899
448,158876.svg,27922
449,141595.svg,27994
450,76977.svg,28006
451,141917.svg,28046
452,142776.svg,28105
453,16010.svg,28124
454,39739.svg,28186
455,38893.svg,28232
456,92543.svg,28269
457,151755.svg,28283
458,107230.svg,28320
459,179395.svg,28390
460,94316.svg,28405
461,187810.svg,28479
462,92529.svg,28498
463,120111.svg,28532
464,129798.svg,28573
465,53274.svg,28620
466,107433.svg,28641
467,109960.svg,28716
468,85904.svg,28726
469,56624.svg,28760
470,122216.svg,28826
471,82762.svg,28849
472,60722.svg,28914
473,96108.svg,28946
474,143992.svg,28995
475,133642.svg,29030
476,42445.svg,29079
477,184439.svg,29080
478,79360.svg,29120
479,197883.svg,29180
480,42875.svg,29208
481,86850.svg,29272
482,57186.svg,29292
483,120056.svg,29354
484,69752.svg,29376
485,172483.svg,29407
486,14452.svg,29477
487,171464.svg,29484
488,93169.svg,29551
489,36769.svg,29585
490,66110.svg,29619
491,200228.svg,29663
492,56487.svg,29687
493,151527.svg,29730
494,40663.svg,29776
495,2810.svg,29813
496,143010.svg,29878
497,161297.svg,29890
498,140508.svg,29931
499,116037.svg,29975
500,18032.svg,30002
501,2335.svg,30059
502,134202.svg,30115
503,24709.svg,30139
504,145861.svg,30178
505,174305.svg,30225
506,174920.svg,30246
507,82468.svg,30295
508,22696.svg,30349
509,196785.svg,30376
510,117790.svg,30413
511,31574.svg,30451
512,85104.svg,30516
513,95742.svg,30548
514,61403.svg,30591
515,66744.svg,30615
516,168504.svg,30655
517,23514.svg,30713
518,144323.svg,30737
519,188874.svg,30770
520,189308.svg,30814
521,97927.svg,30862
522,2404.svg,30905
523,28270.svg,30947
524,147431.svg,30968
525,73314.svg,31010
526,180500.svg,31054
527,61992.svg,31094
528,27605.svg,31133
529,11048.svg,31188
530,168803.svg,31232
531,103049.svg,31259
532,1432.svg,31280
533,30751.svg,31334
534,199964.svg,31370
535,3369.svg,31430
536,79534.svg,31440
537,89112.svg,31494
538,95116.svg,31526
539,22310.svg,31560
540,36178.svg,31608
541,128717.svg,31670
542,7197.svg,31703
543,27680.svg,31735
544,186072.svg,31769
545,130753.svg,31821
546,19286.svg,31860
547,73144.svg,31887
548,22667.svg,31937
549,134708.svg,31980
550,4393.svg,32003
551,147679.svg,32056
552,176010.svg,32106
553,90260.svg,32148
554,5920.svg,32180
555,86666.svg,32200
556,97450.svg,32242
557,140749.svg,32286
558,52465.svg,32352
559,19305.svg,32377
560,105597.svg,32431
561,188027.svg,32467
562,14717.svg,32503
563,151422.svg,32526
564,117259.svg,32560
565,190220.svg,32639
566,101656.svg,32641
567,183217.svg,32714
568,177366.svg,32752
569,198873.svg,32773
570,28031.svg,32836
571,64097.svg,32853
572,97077.svg,32898
573,78256.svg,32923
574,194260.svg,32983
575,190065.svg,33030
576,155377.svg,33075
577,28026.svg,33106
578,130831.svg,33120
579,88881.svg,33198
580,81964.svg,33231
581,6328.svg,33244
582,141995.svg,33314
583,63051.svg,33336
584,113356.svg,33362
585,21010.svg,33420
586,59863.svg,33451
587,15999.svg,33502
588,91249.svg,33548
589,52641.svg,33561
590,136802.svg,33614
591,190607.svg,33642
592,196652.svg,33706
593,28969.svg,33730
594,8598.svg,33767
595,3863.svg,33834
596,5184.svg,33852
597,39391.svg,33917
598,158137.svg,33923
599,27567.svg,33967
600,178008.svg,34039
601,151715.svg,34044
602,128328.svg,34089
603,90682.svg,34153
604,112067.svg,34164
605,96131.svg,34228
606,195186.svg,34276
607,64848.svg,34302
608,136785.svg,34321
609,67165.svg,34381
610,11874.svg,34406
611,2640.svg,34446
612,95145.svg,34495
613,95455.svg,34553
614,185843.svg,34589
615,45575.svg,34634
616,194873.svg,34663
617,202071.svg,34681
618,115009.svg,34741
619,162048.svg,34798
620,24450.svg,34819
621,99391.svg,34876
622,110957.svg,34900
623,200822.svg,34931
624,86402.svg,34996
625,97088.svg,35038
626,15593.svg,35067
627,14111.svg,35087
628,147432.svg,35134
629,72171.svg,35181
630,68695.svg,35209
631,28938.svg,35246
632,186529.svg,35306
633,192666.svg,35336
634,106645.svg,35372
635,50126.svg,35433
636,4194.svg,35469
637,134514.svg,35490
638,128527.svg,35533
639,189679.svg,35573
640,48117.svg,35631
641,71531.svg,35655
642,17301.svg,35696
643,15187.svg,35758
644,84934.svg,35778
645,157538.svg,35836
646,146301.svg,35875
647,109959.svg,35886
648,157533.svg,35955
649,186534.svg,35966
650,96517.svg,36031
651,48478.svg,36071
652,32465.svg,36093
653,113987.svg,36137
654,17077.svg,36160
655,86247.svg,36201
656,110930.svg,36272
657,55041.svg,36313
658,61715.svg,36340
659,136654.svg,36375
660,69770.svg,36412
661,47645.svg,36457
662,108738.svg,36515
663,134897.svg,36521
664,3592.svg,36583
665,97315.svg,36610
666,103867.svg,36648
667,3999.svg,36684
668,49998.svg,36728
669,192396.svg,36773
670,150665.svg,36837
671,36792.svg,36854
672,94183.svg,36883
673,82011.svg,36957
674,10957.svg,36967
675,149808.svg,37019
676,143232.svg,37050
677,156988.svg,37103
678,76056.svg,37144
679,7344.svg,37180
680,81540.svg,37200
681,130994.svg,37248
682,124902.svg,37318
683,83161.svg,37329
684,149832.svg,37365
685,33465.svg,37402
686,76516.svg,37453
687,100093.svg,37512
688,10057.svg,37523
689,102757.svg,37598
690,113072.svg,37605
691,106332.svg,37656
692,21568.svg,37700
693,99530.svg,37722
694,97776.svg,37767
695,137236.svg,37827
696,14683.svg,37875
697,7878.svg,37881
698,149008.svg,37925
699,40175.svg,37985
700,51239.svg,38037
701,95413.svg,38079
702,151342.svg,38082
703,4128.svg,38146
704,64092.svg,38163
705,71051.svg,38222
706,32346.svg,38245
707,113041.svg,38300
708,186749.svg,38333
709,112357.svg,38390
710,117711.svg,38427
711,127030.svg,38476
712,195036.svg,38516
713,174040.svg,38528
714,194048.svg,38569
715,48525.svg,38615
716,21898.svg,38666
717,50226.svg,38681
718,115199.svg,38725
719,81975.svg,38771
720,175100.svg,38826
721,180084.svg,38845
722,103699.svg,38913
723,146751.svg,38946
724,111767.svg,38975
725,132571.svg,39039
726,28998.svg,39041
727,98821.svg,39080
728,49528.svg,39120
729,30767.svg,39183
730,10618.svg,39214
731,136567.svg,39246
732,25612.svg,39284
733,105494.svg,39330
734,103743.svg,39391
735,121438.svg,39401
736,91648.svg,39447
737,187515.svg,39503
738,67338.svg,39536
739,161994.svg,39592
740,14731.svg,39621
741,106470.svg,39663
742,49276.svg,39686
743,181839.svg,39747
744,98974.svg,39778
745,3744.svg,39827
746,17101.svg,39879
747,21289.svg,39906
748,140021.svg,39942
749,33199.svg,39970
750,187678.svg,40023
751,135191.svg,40040
752,95464.svg,40080
753,36807.svg,40152
754,179628.svg,40164
755,187770.svg,40238
756,189282.svg,40263
757,3729.svg,40302
758,32584.svg,40329
759,188058.svg,40381
760,191722.svg,40432
761,95472.svg,40473
762,144040.svg,40518
763,168304.svg,40551
764,188098.svg,40598
765,20860.svg,40637
766,29969.svg,40643
767,96035.svg,40695
768,187276.svg,40748
769,99490.svg,40770
770,121601.svg,40803
771,95546.svg,40875
772,134750.svg,40916
773,135533.svg,40920
774,187889.svg,40965
775,188144.svg,41009
776,188016.svg,41057
777,5424.svg,41111
778,31516.svg,41137
779,186380.svg,41171
780,4867.svg,41218
781,97133.svg,41247
782,189850.svg,41289
783,185212.svg,41332
784,142529.svg,41363
785,88595.svg,41414
786,29222.svg,41479
787,20484.svg,41519
788,143115.svg,41532
789,74072.svg,41569
790,130727.svg,41631
791,162257.svg,41643
792,144767.svg,41701
793,193066.svg,41759
794,187654.svg,41764
795,131923.svg,41813
796,11406.svg,41851
797,22212.svg,41903
798,186215.svg,41955
799,194563.svg,41961
800,202274.svg,42004
801,36683.svg,42052
802,187833.svg,42084
803,68184.svg,42156
804,3011.svg,42180
805,170518.svg,42203
806,24115.svg,42267
807,144617.svg,42317
808,18649.svg,42326
809,194698.svg,42371
810,26398.svg,42429
811,180697.svg,42465
812,96860.svg,42500
813,202329.svg,42535
814,65310.svg,42571
815,62799.svg,42617
816,92096.svg,42678
817,129954.svg,42682
818,65389.svg,42748
819,186449.svg,42790
820,5539.svg,42836
821,184798.svg,42844
822,141711.svg,42919
823,68165.svg,42923
824,159690.svg,42992
825,188507.svg,43008
826,32460.svg,43076
827,80012.svg,43112
828,128722.svg,43130
829,110912.svg,43170
830,128051.svg,43208
831,114418.svg,43256
832,146712.svg,43303
833,27906.svg,43335
834,143171.svg,43386
835,27777.svg,43406
836,114149.svg,43443
837,45979.svg,43509
838,103028.svg,43523
839,52773.svg,43578
840,92067.svg,43635
841,107231.svg,43653
842,183003.svg,43705
843,82074.svg,43736
844,64847.svg,43797
845,148758.svg,43828
846,196064.svg,43845
847,127068.svg,43916
848,149424.svg,43940
849,4869.svg,43977
850,76108.svg,44008
851,134354.svg,44067
852,194630.svg,44091
853,168203.svg,44138
854,188148.svg,44183
855,100615.svg,44206
856,94117.svg,44253
857,171523.svg,44310
858,29092.svg,44339
859,47701.svg,44361
860,60058.svg,44401
861,52148.svg,44478
862,80389.svg,44490
863,168120.svg,44527
864,158816.svg,44560
865,106202.svg,44632
866,128189.svg,44665
867,2362.svg,44689
868,197176.svg,44756
869,197000.svg,44773
870,178099.svg,44807
871,156104.svg,44855
872,171530.svg,44917
873,70100.svg,44938
874,98761.svg,44992
875,96155.svg,45037
876,200042.svg,45064
877,83170.svg,45086
878,61658.svg,45157
879,92366.svg,45171
880,201181.svg,45214
881,128823.svg,45249
882,80160.svg,45281
883,158258.svg,45357
884,107025.svg,45386
885,68354.svg,45438
886,34058.svg,45447
887,152981.svg,45486
888,19121.svg,45546
889,176184.svg,45587
890,95600.svg,45615
891,148532.svg,45659
892,183362.svg,45708
893,148168.svg,45739
894,88211.svg,45768
895,102777.svg,45825
896,46074.svg,45875
897,166396.svg,45916
898,155576.svg,45936
899,166014.svg,45987
900,129032.svg,46021
901,68117.svg,46053
902,42367.svg,46095
903,37507.svg,46130
904,186249.svg,46189
905,11288.svg,46216
906,109897.svg,46269
907,122225.svg,46286
908,155486.svg,46341
909,72126.svg,46371
910,41594.svg,46426
911,58690.svg,46449
912,2741.svg,46493
913,30489.svg,46546
914,2760.svg,46587
915,180040.svg,46637
916,46197.svg,46647
917,3448.svg,46718
918,102829.svg,46735
919,187616.svg,46792
920,140504.svg,46839
921,23279.svg,46845
922,82125.svg,46888
923,140015.svg,46928
924,76043.svg,46974
925,160788.svg,47025
926,188660.svg,47053
927,70707.svg,47106
928,52790.svg,47128
929,76673.svg,47198
930,176992.svg,47217
931,41905.svg,47260
932,39453.svg,47314
933,80339.svg,47328
934,146725.svg,47388
935,47996.svg,47439
936,47548.svg,47461
937,187405.svg,47492
938,45143.svg,47549
939,199039.svg,47571
940,85110.svg,47608
941,36862.svg,47643
942,202090.svg,47712
943,11544.svg,47726
944,93175.svg,47779
945,93176.svg,47813
946,179076.svg,47862
947,188830.svg,47885
948,132736.svg,47931
949,105572.svg,47979
950,188676.svg,48017
951,167173.svg,48058
952,160981.svg,48118
953,101778.svg,48143
954,193627.svg,48198
955,94141.svg,48201
956,190574.svg,48267
957,179916.svg,48280
958,171365.svg,48356
959,118916.svg,48362
960,131826.svg,48417
961,34159.svg,48479
962,198216.svg,48508
963,111470.svg,48543
964,155040.svg,48590
965,144437.svg,48637
966,58426.svg,48655
967,189992.svg,48693
968,198214.svg,48733
969,71932.svg,48760
970,99431.svg,48813
971,3215.svg,48863
972,73442.svg,48887
973,21570.svg,48956
974,82707.svg,48964
975,175344.svg,49019
976,29265.svg,49048
977,86678.svg,49093
978,166832.svg,49137
979,93461.svg,49166
980,27940.svg,49214
981,47375.svg,49247
982,170796.svg,49304
983,91387.svg,49330
984,130140.svg,49362
985,49769.svg,49403
986,198589.svg,49464
987,31822.svg,49494
988,197882.svg,49536
989,37804.svg,49595
990,174681.svg,49635
991,8949.svg,49642
992,138922.svg,49681
993,94578.svg,49735
994,167780.svg,49769
995,152295.svg,49810
996,45012.svg,49846
997,50803.svg,49886
998,95720.svg,49928
999,51590.svg,49975
